Date,UWG_Mailing,BFCM_Promo_Effect,holiday_list,Offline_Promo,Promotion_Discount,Total_Revenue,Revenue_New_Customer,influencer_spend,Awin_spend,microsoft_spend,criteo_spend,cost_outbrain,spend_Google_Branded,spend_Google_Non_Branded,spend_Google_PMAX,spend_Google_Demand_Gen,spend_Google_Others,spend_Meta_ASC,spend_Meta_Retargeting,spend_Meta_Prospecting,spend_Google,spend_Meta
2024-04-01,0,0,1,1,1,106943.0,38956.59,0.0,582.67,104.84,235.1090507,93.0,1397.096871,248.7,1236.751429,41.532079,56.85,622.88,289.149999,312.860001,2980.930379,1224.89
2024-04-02,0,0,0,1,1,97629.0,34755.77,0.0,488.37,114.55,213.8824556,95.0,1156.95232,239.56,1201.819981,42.691111,37.41,608.129999,281.1,304.18,2678.433412,1193.409999
2024-04-03,0,0,0,1,1,86273.0,33922.82,0.0,525.69,126.22,149.5225126,94.0,1305.355626,245.65,1081.493097,43.278069,34.15,604.330001,278.69,301.83,2709.926792,1184.850001
2024-04-04,0,0,0,1,1,98247.0,35323.97,0.0,531.8,101.88,145.0819799,94.0,1289.010803,300.35,1547.723387,41.585903,27.95,596.169998,276.64,298.62,3206.620093,1171.429998
2024-04-05,0,0,0,1,1,83678.0,29061.76,0.0,500.02,108.41,128.8251991,93.0,1239.129205,344.52,1524.926574,44.156125,23.39,597.27,277.800001,298.530001,3176.121904,1173.600002
2024-04-06,0,0,0,1,1,167511.0,34592.27,0.0,834.76,94.87,125.3728857,94.0,1322.223451,357.61,1689.923525,32.319399,44.4,614.389999,284.059999,307.619997,3446.476375,1206.069995
2024-04-07,1,0,0,1,1,217347.0,55948.68,0.0,1150.14,94.33,170.9647937,94.0,1468.026025,321.04,2151.409074,46.522593,45.2,660.610002,306.450001,331.63,4032.197692,1298.690003
2024-04-08,0,0,0,0,0,47234.0,20638.49,1765.0,232.32,103.16,173.8345035,94.0,1376.043608,348.11,1986.571388,46.166377,46.01,679.850001,287.35,309.629999,3802.901373,1276.83
2024-04-09,0,0,0,0,0,49803.0,24883.26,0.0,295.78,103.44,145.2213483,94.0,1492.850825,338.47,2197.454841,39.021333,28.87,684.04,282.39,304.71,4096.666999,1271.14
2024-04-10,0,0,0,0,0,51590.0,25621.7,0.0,218.77,100.79,111.1428378,93.0,1506.18229,347.55,1971.102437,43.528717,50.82,716.689997,277.61,300.12,3919.183444,1294.419997
2024-04-11,0,0,0,0,0,47804.0,19039.39,0.0,183.12,108.93,149.979277,94.0,1260.811704,284.67,1663.42358,40.407592,40.31,776.200002,278.89,301.16,3289.622876,1356.250002
2024-04-12,0,0,0,0,0,50477.0,21052.57,0.0,292.04,100.18,161.3834092,94.0,1093.650882,266.88,1477.084479,42.429065,34.44,774.58,278.09,300.77,2914.484426,1353.44
2024-04-13,0,0,0,0,0,49998.0,19676.52,0.0,181.79,69.54,157.9618469,94.0,1195.756927,324.1,1877.86104,43.067295,64.15,796.23,284.03,307.95,3504.935262,1388.21
2024-04-14,0,0,0,0,0,63731.0,26629.33,0.0,279.51,101.42,167.795154,94.0,1317.026364,385.25,2159.459843,44.137674,70.87,848.33,305.600003,331.460002,3976.743881,1485.390005
2024-04-15,0,0,0,0,0,49522.0,19598.97,0.0,220.66,108.12,214.0469141,94.0,1155.525878,342.98,1974.986475,40.952233,64.3,804.319999,287.43,311.08,3578.744586,1402.829999
2024-04-16,0,0,0,0,0,43069.0,22196.14,0.0,262.46,95.01,184.5630896,93.0,864.430311,317.47,2002.871062,40.741917,52.61,784.489998,282.059998,304.55,3278.12329,1371.099996
2024-04-17,0,0,0,0,0,51227.0,24201.83,0.0,342.81,82.06,150.3854386,93.0,1014.909777,329.47,1605.049246,40.910996,36.19,776.480003,278.28,299.87,3026.530019,1354.630003
2024-04-18,0,0,0,0,0,51816.0,18505.31,0.0,335.31,80.76,155.7867686,93.0,956.65229,303.95,1823.879481,40.71217,36.27,779.24,279.9,301.830001,3161.463941,1360.970001
2024-04-19,0,0,0,0,0,52085.0,23106.84,1765.0,438.39,76.8,140.8176941,94.0,947.633424,283.85,1905.563594,39.83104,19.3,779.71,278.200002,301.76,3196.178058,1359.670002
2024-04-20,0,0,0,0,0,57541.0,24287.26,0.0,287.22,65.25,148.3188122,93.0,1296.476783,299.27,2016.515702,39.837075,33.02,791.59,282.040001,305.34,3685.11956,1378.970001
2024-04-21,0,0,0,0,0,72691.0,31138.19,0.0,336.64,91.04,150.1704108,93.0,1299.910983,326.07,1915.502206,39.437538,34.32,847.429997,304.18,328.590001,3615.240727,1480.199998
2024-04-22,0,0,0,0,0,49741.0,25498.61,0.0,166.79,102.28,178.4177341,93.0,977.638318,310.58,1542.923865,40.425339,31.13,803.850001,299.04,311.36,2902.697522,1414.250001
2024-04-23,0,0,0,0,0,55799.0,25014.57,0.0,293.8,87.92,194.4862446,93.0,1091.362608,339.505,1800.562383,38.893075,42.64,774.139998,301.809999,304.129999,3312.963066,1380.079996
2024-04-24,0,0,0,0,0,49738.0,20765.18,0.0,242.41,118.86,155.4297581,95.0,985.288778,191.92,1243.891925,38.913172,23.59,774.949999,197.129999,299.47,2483.603875,1271.549998
2024-04-25,0,0,0,0,1,74064.0,23692.8,0.0,355.91,124.25,182.2471848,92.0,991.939104,200.82,1207.592285,39.43476,33.21,779.919998,179.669998,301.87,2472.996149,1261.459996
2024-04-26,0,0,0,0,1,51624.0,19311.3,0.0,186.19,77.98,194.8282026,92.0,705.483974,233.21,1283.357517,38.844287,18.52,778.790001,158.86,275.67,2279.415778,1213.320001
2024-04-27,0,0,0,0,1,51570.0,22526.68,0.0,271.07,48.0,195.8896727,92.0,1056.067573,223.074004,1470.384985,36.82451,31.11,799.72,184.66,311.620001,2817.461072,1296.000001
2024-04-28,0,0,0,0,1,75675.0,29046.33,0.0,350.94,71.88,275.0284379,93.0,1315.80464,226.17,1411.189975,39.34943,48.85,848.03,170.749999,302.240001,3041.364045,1321.02
2024-04-29,0,0,0,0,0,40248.0,17030.01,0.0,339.58,123.34,264.5569627,94.0,772.820828,175.64,1181.090576,32.916242,38.43,805.570003,185.580001,315.47,2200.897646,1306.620004
2024-04-30,0,0,0,0,0,57121.0,18428.93,0.0,312.39,128.2,336.6903237,91.0,762.862137,176.03,1296.169885,38.564711,22.27,791.880001,182.620001,309.83,2295.896733,1284.330002
2024-05-01,0,0,1,0,0,89394.0,33396.94,0.0,1022.07,100.35,205.4566885,91.0,1041.782078,201.34,1377.421846,40.513584,44.41,790.000001,181.510001,309.31,2705.467508,1280.820002
2024-05-02,1,0,0,0,1,114607.0,24528.21,0.0,1166.99,95.63,198.2994135,91.0,1223.717754,288.36,1541.875472,41.311654,29.98,776.569999,180.88,306.519998,3125.24488,1263.969997
2024-05-03,0,0,0,0,1,67895.0,23335.97,0.0,747.2,90.8,146.9341734,91.0,1025.400914,438.91,1482.578463,40.557164,50.675332,774.039999,187.61,304.590001,3038.121873,1266.24
2024-05-04,0,0,0,0,1,63544.0,26968.48,0.0,547.54,101.39,112.951839,93.0,1238.706822,413.25,1589.052202,40.825234,63.701829,778.91,198.719999,308.039999,3345.536087,1285.669998
2024-05-05,0,0,0,0,1,82564.0,31327.91,0.0,754.16,106.9,135.2866456,91.0,1254.531805,368.47,1507.052151,40.652219,71.398635,854.27,214.46,332.100001,3242.10481,1400.830001
2024-05-06,0,0,0,0,1,67794.0,33378.66,0.0,839.79,91.84,159.0179313,91.0,1096.574025,424.875,1474.055534,41.191511,57.174579,821.030001,204.449999,431.959998,3093.870649,1457.439998
2024-05-07,0,0,0,0,1,66410.0,25341.38,0.0,704.42,109.68,191.1709505,90.0,954.458954,351.315741,2047.111485,40.570458,42.85562,885.7,199.79,499.35,3436.312258,1584.84
2024-05-08,0,0,0,0,1,45122.0,18084.74,0.0,646.28,60.62,151.4425759,90.0,920.04514,313.89,1875.686608,41.036874,47.804927,872.469999,201.87,492.220002,3198.463549,1566.560001
2024-05-09,1,0,1,0,1,141190.0,29981.21,0.0,1244.54,75.62,173.1425264,91.0,1041.481497,335.9,1986.132665,117.471391,41.59333,870.369999,211.16,495.749999,3522.578883,1577.279998
2024-05-10,0,0,0,0,1,58564.0,16102.32,0.0,513.76,85.31,142.4226252,91.0,903.089243,374.98,1850.298778,82.366681,42.34406,864.130003,204.910003,491.829999,3253.078762,1560.870005
2024-05-11,0,0,0,0,1,53291.0,20813.89,0.0,412.97,63.64,136.5712086,90.0,866.838614,490.2,1986.610074,84.533991,60.272205,871.649999,212.49,500.85,3488.454884,1584.989999
2024-05-12,0,0,0,0,1,71635.0,27457.1,0.0,714.11,71.78,163.2914302,90.0,1232.914684,615.368762,2030.412835,55.032789,64.898074,958.339999,231.070001,545.540001,3998.627144,1734.950001
2024-05-13,0,0,0,0,0,54501.0,25421.36,0.0,686.23,91.75,211.6844264,90.0,1066.082965,536.072752,1890.939628,81.139495,62.491652,910.759999,218.719999,511.48,3636.726492,1640.959998
2024-05-14,0,0,0,0,0,70031.0,34163.48,0.0,761.09,98.54,178.2704723,91.0,1162.597499,601.473529,1853.166709,85.308472,55.939716,883.82,223.409998,498.640001,3758.485925,1605.869999
2024-05-15,0,0,0,0,0,54447.0,25333.8,0.0,711.7,101.4,166.137684,90.0,1134.017419,613.917406,1910.741916,60.138648,65.277929,880.08,219.220001,495.72,3784.093318,1595.020001
2024-05-16,0,0,0,0,1,69427.0,26509.82,0.0,882.8,99.0,182.8383201,90.0,974.208644,364.9,2108.561785,87.337682,59.978539,879.390001,211.450001,499.030002,3594.98665,1589.870004
2024-05-17,0,0,0,0,1,59374.0,25744.41,0.0,668.43,99.49,180.1583166,90.0,1005.261742,383.73,2114.214049,72.384176,75.24409,869.590001,197.800001,494.629998,3650.834057,1562.02
2024-05-18,0,0,0,0,1,56582.0,25606.06,0.0,669.77,68.41,117.967475,91.0,1177.317026,450.21,1952.402596,70.295453,59.866792,883.020001,182.57,485.570001,3710.091867,1551.160002
2024-05-19,1,0,0,0,1,103583.0,25308.92,0.0,740.9,96.07,174.89016,90.0,1155.115277,535.526719,2051.653242,76.94859,62.168228,904.929999,201.56,510.290001,3881.412056,1616.78
2024-05-20,0,0,1,0,0,103639.0,31173.06,0.0,623.88,97.6,228.8841699,91.0,1060.668739,512.945,1989.405246,54.96213,70.101875,904.08,220.42,512.040002,3688.08299,1636.540002
2024-05-21,0,0,0,0,0,47955.0,22061.42,0.0,330.25,95.77,227.7478249,90.0,883.839576,478.885116,1878.720834,79.092638,60.782227,898.189998,217.910001,512.089999,3381.320391,1628.189998
2024-05-22,0,0,0,0,0,45739.0,18592.3,0.0,190.66,104.15,178.416599,90.0,832.665645,506.05,1849.135988,76.543969,66.304311,888.950001,218.999999,516.469997,3330.699913,1624.419997
2024-05-23,1,0,0,0,0,75428.0,26334.95,0.0,310.28,96.78,178.0841617,90.0,1205.020894,541.12,1694.735054,70.972742,55.107895,898.669999,216.810001,517.060001,3566.956585,1632.540001
2024-05-24,0,0,0,0,0,50943.0,19047.71,0.0,270.14,75.96,143.0632891,90.0,1095.923321,429.205,1672.175701,69.679535,67.834719,894.670001,212.729999,499.49,3334.818276,1606.89
2024-05-25,0,0,0,0,0,50160.0,21545.27,0.0,250.89,67.27,149.3078406,91.0,1110.710795,408.49,1799.427698,70.113846,62.072172,875.510001,215.829998,488.539999,3450.814511,1579.879998
2024-05-26,0,0,0,0,0,83136.0,35181.21,0.0,312.9,98.83,215.0879435,89.0,1244.843245,537.341294,1870.513552,38.757001,80.465343,986.629999,236.889999,565.430001,3771.920435,1788.949999
2024-05-27,0,0,0,0,0,49047.0,20449.54,0.0,186.95,100.78,241.4762945,90.0,1184.040735,430.63,1733.87924,81.373192,86.373811,810.149999,189.329999,433.349999,3516.296978,1432.829997
2024-05-28,0,0,0,0,0,50742.0,21359.35,0.0,211.41,117.52,194.8021932,64.0,1094.820596,476.23,1522.065504,76.200669,90.715808,602.410001,144.78,378.480001,3260.032577,1125.670002
2024-05-29,0,0,0,0,1,52231.0,20227.28,0.0,249.91,121.86,119.2276052,64.0,1177.680258,288.2,1091.29027,47.053006,69.8147,571.930001,136.560001,354.240001,2674.038234,1062.730003
2024-05-30,0,0,0,0,1,62224.0,25706.7,0.0,267.98,85.41,2.16027419,64.0,1187.819465,262.51,1166.217976,87.638734,51.114316,535.969998,137.13,324.550001,2755.300491,997.649999
2024-05-31,0,0,0,0,1,51667.0,18020.93,0.0,273.4,76.61,0.000667752,64.0,1046.120523,237.32,1048.578787,56.96944,61.836313,530.730001,136.86,324.519997,2450.825063,992.109998
2024-06-01,0,0,0,0,1,52225.0,25459.79,0.0,249.17,79.44,166.8625995,90.0,1086.431783,256.14,1208.066069,79.190153,88.796982,532.170002,136.719999,327.230002,2718.624987,996.120003
2024-06-02,1,0,0,0,1,99513.0,33550.46,0.0,330.25,81.15,170.2081429,90.0,1377.19,273.38,1179.145921,79.960326,90.621206,581.859998,149.780001,357.34,3000.297453,1088.979999
2024-06-03,0,0,0,0,0,43943.0,18539.94,0.0,172.95,93.64,157.736288,90.0,1191.9,251.87,1100.793854,71.485985,67.725402,555.979999,142.879999,337.32,2683.775241,1036.179998
2024-06-04,0,0,0,0,0,71588.0,29936.22,0.0,405.32,110.6,113.4938856,91.0,1199.36,261.77,1216.189714,78.009107,45.238219,544.529999,139.06,329.480001,2800.56704,1013.07
2024-06-05,0,0,0,0,0,56423.0,21639.0,0.0,368.17,103.63,140.7727652,91.0,1261.86,262.05,1225.018323,75.913391,55.443744,536.959999,138.96,327.33,2880.285458,1003.249999
2024-06-06,0,0,0,0,0,54987.0,23475.7,0.0,280.9,123.31,134.1435031,90.0,1173.76,258.54,1158.105876,83.315655,64.149999,539.04,135.74,326.35,2737.87153,1001.13
2024-06-07,0,0,0,0,0,51751.0,19878.54,0.0,293.63,74.92,124.723426,91.0,972.940833,272.05,1219.89575,74.194559,43.891961,528.800002,137.550001,325.47,2582.973103,991.820003
2024-06-08,0,0,0,0,0,52275.0,26230.88,0.0,355.18,60.08,136.0141844,90.0,1156.721234,280.21,1271.999545,72.71305,71.968226,527.83,135.989999,327.71,2853.612055,991.529999
2024-06-09,0,0,0,0,0,75767.0,35770.2,0.0,341.81,86.84,190.1395991,90.0,1605.937471,273.99,1213.069641,70.615097,51.316464,582.259999,151.21,355.52,3214.928673,1088.989999
2024-06-10,0,0,0,0,0,64941.0,30612.74,0.0,208.39,147.99,217.7929635,90.0,1378.617904,258.56,1056.733088,71.898622,71.585904,556.799999,143.779999,339.929999,2837.395518,1040.509997
2024-06-11,0,0,0,0,0,54018.0,21803.55,0.0,269.78,114.48,173.7570509,91.0,1345.112859,255.522396,1267.34428,56.378473,55.684894,550.56,148.470001,332.95,2980.042902,1031.980001
2024-06-12,0,0,0,0,0,71018.0,22999.89,0.0,419.83,122.22,189.0846679,90.0,1311.441496,254.32,1082.089584,122.599644,57.69394,541.240002,155.060001,331.4,2828.144664,1027.700003
2024-06-13,0,0,0,0,0,88868.0,25015.88,0.0,701.19,98.62,191.3286725,91.0,1268.082226,253.29,1137.23532,121.565458,44.448248,541.79,151.6,330.220001,2824.621252,1023.610001
2024-06-14,0,0,0,0,0,67165.0,19970.62,0.0,455.67,103.91,158.0534318,90.0,1232.531987,250.18,1147.319114,125.767879,60.578704,531.03,150.179999,322.87,2816.377684,1004.079999
2024-06-15,0,0,0,0,0,80335.0,26218.66,0.0,589.61,93.92,151.7877742,90.0,1304.80275,262.51,1175.133413,124.761236,77.155815,511.310002,145.51,318.09,2944.363214,974.910002
2024-06-16,1,0,0,0,0,176664.0,29870.97,0.0,749.29,112.34,222.7631688,90.0,1361.826253,259.82,1060.731038,122.806298,67.152202,592.27,171.210001,361.740002,2872.335791,1125.220003
2024-06-17,0,0,0,0,0,81038.0,25056.49,0.0,561.32,98.36,204.6809664,90.0,1180.376126,253.87,989.89384,125.399171,50.067577,563.690001,160.739999,340.410001,2599.606714,1064.840001
2024-06-18,0,0,0,0,0,95491.0,27506.55,0.0,609.63,98.0,189.0151966,90.0,1142.487995,260.047837,1207.36371,132.237311,44.98167,555.079998,157.53,336.239999,2787.118523,1048.849997
2024-06-19,0,0,0,0,0,75946.0,24957.5,0.0,586.33,117.56,169.8768742,90.0,980.848179,270.43,1206.847237,120.036406,39.266932,537.200001,152.64,359.040001,2617.428754,1048.880002
2024-06-20,0,0,0,0,0,82660.0,27778.26,0.0,558.38,96.58,182.4142799,90.0,1173.907488,247.61,1342.018014,120.309185,52.590437,531.519997,150.649999,392.9,2936.435124,1075.069996
2024-06-21,0,0,0,0,0,68967.0,23129.09,0.0,466.4,113.62,140.5473179,90.0,1142.145267,240.28,1366.979561,119.377407,52.543383,520.779999,147.83,382.92,2921.325618,1051.529999
2024-06-22,0,0,0,0,0,72566.0,25495.17,0.0,586.84,84.23,152.6641522,89.0,1109.984195,240.21,1381.532884,116.277136,46.207614,514.460001,144.36,380.190002,2894.211829,1039.010003
2024-06-23,1,0,0,0,0,181279.0,27527.71,0.0,1160.38,124.2,232.8804048,90.0,1613.153945,264.7,1332.218123,121.983488,52.079192,593.16,170.909999,430.88,3384.134748,1194.949999
2024-06-24,0,0,0,0,1,48726.0,18317.62,0.0,321.18,102.07,255.3738509,89.0,1127.844013,228.94,1269.740339,120.734316,54.913298,562.97,160.210001,405.930001,2802.171966,1129.110002
2024-06-25,0,0,0,0,1,52535.0,20501.28,0.0,354.67,106.0,202.7307898,90.0,1105.052811,234.63,1278.356212,110.848358,34.91484,555.269999,157.32,399.869999,2763.802221,1112.459998
2024-06-26,0,0,0,0,1,46033.0,16914.05,0.0,261.38,119.14,186.933794,89.0,1236.660369,251.243332,1692.226166,116.719534,67.432252,536.77,152.939999,389.660001,3364.281653,1079.37
2024-06-27,0,0,0,0,1,47207.0,15811.48,0.0,232.49,125.43,212.4735738,89.0,1145.529522,245.73,1887.543908,117.587293,43.178955,532.480002,150.899999,392.55,3439.569678,1075.930001
2024-06-28,0,0,0,0,1,44096.0,18529.62,0.0,143.12,121.42,196.266498,90.0,957.227052,217.209491,2101.889666,72.973875,339.339347,522.020002,148.67,384.230002,3688.639431,1054.920004
2024-06-29,0,0,0,0,1,48107.0,22090.94,0.0,489.57,61.75,30.85845475,89.0,1132.419929,225.63,2546.22717,146.143974,381.154942,511.999998,143.99,379.29,4431.576015,1035.279998
2024-06-30,0,0,0,0,1,62079.0,23927.15,0.0,425.24,86.66,0.338737814,89.0,1512.426531,233.25,2476.095036,104.645572,433.852524,592.339999,170.730001,429.4,4760.269663,1192.47
2024-07-01,0,0,0,0,1,55246.0,19979.8,0.0,393.56,131.91,150.4990586,87.0,1217.43646,255.12,2203.308417,116.72476,248.257499,563.440002,159.539999,405.620002,4040.847136,1128.600003
2024-07-02,1,0,0,0,1,86160.0,19575.76,0.0,479.4,134.75,168.6321584,87.0,1326.44324,263.347783,2296.893735,93.001726,259.034517,555.399999,158.659999,403.189999,4238.721001,1117.249997
2024-07-03,0,0,0,0,1,60226.0,18699.85,0.0,475.22,111.32,157.6149621,88.0,1175.965894,245.23,2133.050889,77.091391,241.236379,541.050003,161.890001,394.19,3872.574553,1097.130004
2024-07-04,0,0,0,0,1,47721.0,16017.73,0.0,263.95,119.4,116.8457236,88.0,983.196813,238.32,2279.936121,150.466163,216.255086,547.590002,164.76,392.68,3868.174183,1105.030002
2024-07-05,0,0,0,0,1,40209.0,15163.71,0.0,271.25,83.28,124.6131972,88.0,836.299022,245.453636,1515.688151,153.251451,97.627703,574.88,167.33,383.63,2848.319963,1125.84
2024-07-06,0,0,0,0,1,42671.0,19094.12,0.0,473.04,80.33,142.7568757,89.0,1206.570126,248.32,1599.553872,140.424018,72.56,561.509998,162.749999,377.280002,3267.428016,1101.539999
2024-07-07,0,0,0,0,1,73870.0,27983.86,0.0,303.32,92.99,134.7297983,88.0,1253.984047,282.32,1472.239303,127.214009,69.865476,647.23,193.419998,432.65,3205.622835,1273.299998
2024-07-08,0,0,0,0,1,46802.0,18226.91,0.0,267.78,115.97,145.4029829,88.0,1011.880243,219.41,1595.635522,61.405722,26.39,619.23,177.229999,405.959999,2914.721487,1202.419998
2024-07-09,0,0,0,0,1,52380.0,22018.22,0.0,234.97,106.38,156.4795397,87.0,910.588952,235.72,1727.804862,152.003049,32.78,663.53,178.260001,399.93,3058.896863,1241.720001
2024-07-10,0,0,0,0,1,46306.0,18230.46,0.0,256.14,105.38,118.85256,87.0,916.960638,285.03,2004.089445,133.948979,45.02,643.62,177.029999,394.22,3385.049062,1214.869999
2024-07-11,1,0,0,0,1,60969.0,16166.77,0.0,370.33,99.04,131.8490596,88.0,1237.16764,184.81,2034.455782,71.40825,51.63,637.060003,173.13,391.52,3579.471672,1201.710003
2024-07-12,0,0,0,0,1,46885.0,20601.85,0.0,461.38,107.49,110.5222548,88.0,936.119171,243.37,1755.943243,147.142543,27.69,617.66,165.460002,381.649999,3110.264957,1164.770001
2024-07-13,0,0,0,0,1,39395.0,15778.48,0.0,278.46,71.87,64.83043719,87.0,1029.965494,264.23,2079.712155,115.866628,52.05,611.470002,159.87,380.0,3541.824277,1151.340002
2024-07-14,0,0,0,0,1,57728.0,21312.95,0.0,377.88,78.06,62.34315109,88.0,1185.030176,275.379482,1962.37853,122.776216,94.91,703.089999,193.790001,429.960002,3640.474404,1326.840002
2024-07-15,0,0,0,0,1,38807.0,13225.08,0.0,340.23,95.7,80.55827117,88.0,943.040734,165.92,1717.698723,112.146509,35.62,666.24,179.530001,404.879998,2974.425966,1250.649999
2024-07-16,0,0,0,0,1,38005.0,13228.64,0.0,158.43,115.77,131.1305267,87.0,1376.35,240.29,1443.485406,117.125215,48.87,655.83,176.05,399.000001,3226.120621,1230.880001
2024-07-17,0,0,0,0,1,41910.0,17744.37,0.0,254.3,115.77,76.55592827,87.0,1143.845009,303.85,1410.114102,118.506481,25.74,611.49,156.87,394.41,3002.055592,1162.77
2024-07-18,0,0,0,0,1,36616.0,14738.16,0.0,313.82,118.51,85.8200261,87.0,1022.28,200.67,1253.656349,99.822558,16.43,566.95,146.209999,390.58,2592.858907,1103.739999
2024-07-19,0,0,0,0,1,28904.0,11575.58,0.0,180.93,92.0,73.78219992,87.0,693.98,179.74,1087.25867,118.812348,11.26,553.889998,142.959999,382.91,2091.051018,1079.759997
2024-07-20,0,0,0,0,1,32322.0,12622.61,0.0,188.43,48.13,77.74001915,87.0,826.91,158.13,1346.60026,127.523764,15.57,555.13,141.5,384.65,2474.734024,1081.28
2024-07-21,1,0,0,0,1,70259.0,17636.82,0.0,495.12,101.01,133.8514315,87.0,1035.06,293.79,1553.842554,103.078524,19.92,622.670001,161.93,426.33,3005.691078,1210.930001
2024-07-22,0,0,0,0,1,39130.0,17308.04,0.0,214.36,114.51,139.4595834,87.0,1029.5,181.55,1257.001252,83.678074,21.91,595.7,153.109999,404.709999,2573.639326,1153.519998
2024-07-23,0,0,0,0,1,57341.0,21568.61,0.0,239.61,125.57,143.4402677,87.0,979.02,206.83,1319.075628,112.157912,25.92,585.72,152.51,399.46,2643.00354,1137.69
2024-07-24,0,0,0,0,1,42073.0,16580.13,0.0,267.76,113.09,129.2201858,87.0,759.74,175.13,807.633217,60.292804,16.6,580.359999,147.919999,393.31,1819.396021,1121.589998
2024-07-25,0,0,0,0,1,40762.0,13496.64,0.0,193.19,106.07,109.5477726,86.0,758.12,151.49,619.423762,37.06753,11.15,574.690001,147.970001,394.15,1577.251292,1116.810002
2024-07-26,0,0,0,0,1,46992.0,16808.46,0.0,145.8,65.74,108.1132069,86.0,694.32,160.48,605.519905,35.082404,8.41,578.589996,143.999999,383.4,1503.812309,1105.989995
2024-07-27,0,0,0,0,1,38376.0,15192.38,0.0,208.97,46.15,99.93293576,87.0,685.19,187.85,672.196693,39.484777,10.8,586.680001,142.35,386.97,1595.52147,1116.000001
2024-07-28,0,0,0,0,1,39897.0,17638.25,0.0,176.56,50.62,105.6924547,86.0,689.07,159.22,604.679101,42.722182,11.8,673.290002,163.33,431.040001,1507.491283,1267.660003
2024-07-29,0,0,0,0,1,40616.0,16428.76,0.0,121.09,119.0,120.1273664,87.0,666.22,219.42,570.096963,40.746343,12.33,636.469996,154.460002,406.79,1508.813306,1197.719998
2024-07-30,0,0,0,0,1,50219.0,18105.49,0.0,194.18,95.8,123.7321816,86.0,649.810664,145.85,604.115432,43.84643,12.15,630.0,152.630001,404.699997,1455.772526,1187.329998
2024-07-31,0,0,0,0,1,38863.0,11988.83,0.0,81.01,97.13,141.7383649,85.0,638.83,127.93,604.876755,44.689204,8.96,616.139998,148.22,395.259999,1425.285959,1159.619997
2024-08-01,1,0,0,0,1,43356.0,14193.13,0.0,123.23,111.18,146.669723,88.0,668.7,174.96,636.851696,44.175204,17.63,604.35,144.03,394.43,1542.3169,1142.81
2024-08-02,0,0,0,0,1,43925.0,13107.57,0.0,114.43,78.9,140.2795494,87.0,678.86116,147.41,637.778407,35.069205,11.29,590.329999,144.619999,383.43,1510.408772,1118.379998
2024-08-03,0,0,0,0,1,37395.0,14483.13,0.0,113.21,73.68,98.74774734,87.0,692.307111,132.8,654.20553,40.640833,8.55,589.089999,143.42,384.55,1528.503474,1117.059999
2024-08-04,0,0,0,0,1,54260.0,17438.43,0.0,193.99,91.79,132.8837792,87.0,693.991477,236.65,673.64868,45.159266,15.65,674.350003,164.39,432.31,1665.099423,1271.050003
2024-08-05,0,0,0,0,0,38927.0,15376.34,0.0,124.94,76.07,133.0360358,87.0,724.198173,182.72,589.266324,45.555302,8.48,630.080001,153.270001,401.419998,1550.219799,1184.77
2024-08-06,0,0,0,0,0,32427.0,13388.12,0.0,95.88,83.49,134.1657813,87.0,763.3913,182.89,560.489051,46.036023,5.41,627.65,152.049999,404.95,1558.216374,1184.649999
2024-08-07,0,0,0,0,0,43552.0,16820.03,0.0,204.97,75.52,115.9140026,87.0,748.407827,162.87,677.024874,44.650824,9.2,620.710001,149.95,398.14,1642.153525,1168.800001
2024-08-08,0,0,0,0,0,34964.0,14243.35,0.0,115.5,94.21,116.7782937,88.0,820.202504,189.63,616.148432,41.877975,6.09,605.059999,145.14,392.919999,1673.948911,1143.119998
2024-08-09,0,0,0,0,0,34640.0,13436.89,0.0,128.85,86.36,130.1979358,88.0,745.837434,167.81,631.45508,37.775955,7.32,597.49,141.47,383.859999,1590.198469,1122.819999
2024-08-10,0,0,0,0,0,30524.0,12259.67,0.0,71.57,51.95,110.6505155,87.0,752.082493,177.57,892.911762,37.963609,6.17,583.81,142.78,384.97,1866.697864,1111.56
2024-08-11,0,0,0,0,0,39163.0,15741.13,0.0,107.82,56.36,119.431018,88.0,946.037148,184.72,876.229532,39.024872,31.98,657.53,162.48,423.88,2077.991552,1243.89
2024-08-12,0,0,0,0,0,38926.0,16283.4,0.0,155.68,91.89,152.7898081,89.0,845.929905,171.89,893.717832,36.543891,18.68,583.889997,153.92,406.210001,1966.761628,1144.019998
2024-08-13,1,0,0,1,0,41713.0,15285.22,0.0,87.9,71.73,145.0418666,87.0,926.608382,157.27,899.333131,42.009421,21.99,560.13,153.200001,405.14,2047.210934,1118.470001
2024-08-14,0,0,0,1,0,43016.0,16129.93,0.0,143.44,102.16,120.9701301,87.0,1059.141278,167.61,919.269828,39.179063,24.8,544.969999,146.879999,396.450003,2210.000169,1088.300001
2024-08-15,0,0,0,1,0,42332.0,15456.79,0.0,181.55,72.84,96.61176913,87.0,833.255163,169.88,893.494645,38.694645,57.1,546.280002,146.919999,395.640001,1992.424453,1088.840002
2024-08-16,0,0,0,1,0,52055.0,16754.91,0.0,158.53,88.1,116.3408594,88.0,918.775055,139.5,854.023245,38.770787,38.41,522.239999,141.29,383.39,1989.479087,1046.919999
2024-08-17,0,0,0,1,0,47365.0,12902.34,0.0,207.09,64.25,144.0975369,87.0,971.508075,174.16,902.750455,38.751002,27.23,525.550001,144.409999,387.54,2114.399532,1057.5
2024-08-18,0,0,0,1,0,70450.0,21340.21,0.0,335.16,82.65,205.7369776,87.0,1277.75158,171.714239,894.060664,38.84793,40.76,584.97,161.679998,425.020002,2423.134413,1171.67
2024-08-19,0,0,0,1,0,56834.0,19692.54,0.0,136.65,46.01,186.1559844,88.0,1054.004268,178.57,728.103225,35.429868,26.46,561.26,153.4,404.51,2022.567361,1119.17
2024-08-20,0,0,0,1,1,68188.0,19002.35,0.0,197.36,83.47,158.6080471,87.0,1105.91159,173.675,629.691588,34.405614,112.8,556.109999,153.269999,408.800001,2056.483792,1118.179999
2024-08-21,0,0,0,1,1,56377.0,20045.97,0.0,114.49,92.67,162.4189403,87.0,1148.405815,136.82,604.650367,33.708575,74.09,525.680002,134.01,392.68,1997.674757,1052.370002
2024-08-22,0,0,0,1,1,49976.0,22010.53,0.0,139.12,101.0,153.5229633,87.0,790.133324,156.46,724.182379,29.533223,142.9,522.869999,127.330001,389.45,1843.208926,1039.65
2024-08-23,0,0,0,1,1,52792.0,20847.21,0.0,182.2,90.53,190.7869358,87.0,806.668307,164.270895,723.064691,44.717921,179.37,507.140001,124.78,383.489998,1918.091814,1015.409999
2024-08-24,0,0,0,1,1,41975.0,14231.94,0.0,134.16,38.79,163.1280981,87.0,871.702483,187.96,751.763533,44.446066,211.86,499.650001,122.07,375.450001,2067.732082,997.170002
2024-08-25,1,0,0,1,1,101076.0,24677.03,0.0,269.68,60.49,243.6229284,86.0,1156.553518,162.95,737.967269,45.763587,209.25,569.719999,141.36,422.72,2312.484374,1133.799999
2024-08-26,0,0,0,1,1,67868.0,21133.01,0.0,193.47,69.69,184.0909862,88.0,1211.436112,168.92376,617.91812,39.636186,212.03,550.4,132.670001,400.879997,2249.944178,1083.949998
2024-08-27,0,0,0,1,1,47930.0,13453.54,0.0,130.31,78.93,183.4102821,87.0,1198.531339,162.950137,737.499656,37.657841,30.74,538.700002,132.97,417.640001,2167.378973,1089.310003
2024-08-28,0,0,0,1,1,53417.0,21450.35,0.0,159.23,69.6,168.956012,86.0,1150.789603,161.37,709.151541,36.782143,0.0,519.79,128.56,392.290001,2058.093287,1040.640001
2024-08-29,0,0,0,1,1,50656.0,19647.93,0.0,128.56,66.23,172.6372028,86.0,1138.475791,113.47,677.399722,39.827461,10.4,521.76,161.9,416.809999,1979.572974,1100.469999
2024-08-30,0,0,0,1,1,51236.0,19555.91,0.0,99.43,101.27,192.1021147,87.0,1175.176411,118.901821,615.037626,34.575217,7.18,505.49,157.46,376.43,1950.871075,1039.38
2024-08-31,0,0,0,1,1,52839.0,18606.98,0.0,220.06,60.75,159.1194056,84.0,1171.319802,189.67,625.042913,30.269123,17.05,504.09,156.61,338.150001,2033.351838,998.850001
2024-09-01,0,0,0,1,1,84812.0,28003.32,0.0,259.04,73.28,173.6950831,91.0,1428.317245,189.855,791.375111,43.661602,35.51,569.700001,162.019999,426.16,2488.718958,1157.88
2024-09-02,0,0,0,0,0,41088.0,19631.58,0.0,117.2,91.85,172.7171958,90.0,1203.097997,143.183915,556.22567,27.100873,30.4,540.570001,146.81,414.66,1960.008455,1102.040001
2024-09-03,0,0,0,0,0,44380.0,19483.32,0.0,124.44,85.94,174.4761738,94.0,1222.179834,90.46,513.8791,36.919339,44.29,550.730002,126.57,419.889999,1907.728273,1097.190001
2024-09-04,0,0,0,0,0,47210.0,19447.71,0.0,106.49,108.23,135.2403664,94.0,1222.639934,85.83,643.076416,43.206572,16.78,532.36,137.93,392.79,2011.532922,1063.08
2024-09-05,0,0,0,0,0,34092.0,11981.66,0.0,96.58,111.93,139.0127263,94.0,1076.96974,85.95,481.821494,47.772204,14.8,532.32,136.509999,394.37,1707.313438,1063.199999
2024-09-06,0,0,0,0,0,26420.0,10832.72,0.0,61.59,90.95,130.5302149,94.0,1081.463626,75.07,620.597597,42.732151,28.61,521.242881,136.143547,384.876492,1848.473374,1042.26292
2024-09-07,0,0,0,0,0,35431.0,17015.79,0.0,51.39,65.06,107.07817,94.0,1132.56872,84.17,618.644205,47.893489,24.47,514.94,134.81,372.85,1907.746414,1022.6
2024-09-08,0,0,0,0,0,55841.0,24487.3,0.0,127.76,72.07,124.9467363,94.0,1333.121965,116.954439,635.005642,49.581798,52.0,579.509999,148.38,436.150001,2186.663844,1164.04
2024-09-09,0,0,0,0,0,42213.0,20095.56,0.0,134.74,93.78,128.6185428,94.0,1456.593766,91.81,563.764317,39.169031,16.87,561.47,143.809999,413.929999,2168.207114,1119.209998
2024-09-10,0,0,0,0,0,44355.0,20405.01,0.0,174.74,89.88,146.89365,94.0,1370.323979,160.71,709.717689,40.227524,37.43,574.689997,149.500001,433.13,2318.409192,1157.319998
2024-09-11,0,0,0,0,0,48014.0,18720.31,0.0,214.49,90.73,102.5000512,94.0,1323.823895,187.605,723.815857,46.12809,50.94,570.42,146.100001,428.86,2332.312842,1145.380001
2024-09-12,1,0,0,0,1,65760.0,20336.23,0.0,162.37,89.64,117.4156479,94.0,1282.622136,170.72,742.032447,42.544393,34.07,553.93,141.73,385.080002,2271.988976,1080.740002
2024-09-13,0,0,0,0,1,53371.0,17208.0,0.0,152.43,79.67,132.3655009,94.0,1255.217508,191.815239,750.59296,30.738016,40.91,513.530002,137.13,351.160002,2269.273723,1001.820004
2024-09-14,0,0,0,0,1,54407.0,18931.34,0.0,120.14,61.58,107.4423572,94.0,1347.001724,187.497976,772.429583,46.01855,116.28,500.24,135.49,353.57,2469.227833,989.3
2024-09-15,0,0,0,0,1,77588.0,25724.09,0.0,229.62,72.23,129.182601,94.0,1444.675896,178.6,761.048403,45.916659,74.204114,613.139998,156.58,422.760001,2504.445072,1192.479999
2024-09-16,0,0,0,0,0,46540.0,17589.02,0.0,136.19,99.68,142.2479376,93.0,1256.412813,150.82,722.07593,28.926098,44.73,559.270001,149.33,410.65,2202.964841,1119.250001
2024-09-17,0,0,0,0,0,38039.0,18915.46,0.0,144.97,105.72,125.7106077,94.0,1096.314072,180.111737,712.885065,46.664209,67.97,554.8,147.34,405.100001,2103.945083,1107.240001
2024-09-18,0,0,0,0,0,37342.0,12294.55,0.0,117.44,100.67,126.6818659,94.0,1192.93113,169.0,729.896882,43.716478,35.96,541.5,143.43,397.669999,2171.50449,1082.599999
2024-09-19,0,0,0,0,0,41444.0,13884.43,0.0,82.76,111.75,156.6526121,93.0,1449.546808,170.907931,700.794715,29.997277,58.8,538.99,135.46,393.62,2410.046731,1068.07
2024-09-20,0,0,0,0,0,34556.0,13528.99,0.0,107.28,86.03,135.9392194,94.0,1262.039768,173.03,666.616737,49.371974,56.19,522.179998,125.040001,385.17,2207.248479,1032.389999
2024-09-21,0,0,0,0,0,38995.0,13959.7,0.0,90.71,66.33,126.0344627,93.0,1405.677959,183.55,651.502509,46.688932,79.74,518.540001,121.36,384.099999,2367.1594,1024.0
2024-09-22,0,0,0,0,0,47009.0,23521.68,0.0,62.44,69.44,174.3381935,94.0,1717.450231,173.405631,661.816447,42.66761,115.95,602.15,145.160002,430.379999,2711.289919,1177.690001
2024-09-23,0,0,0,0,0,45380.0,18557.88,0.0,74.62,90.41,201.4976205,93.0,1511.879496,175.29,653.449975,45.303159,30.776153,561.650001,140.550001,408.709999,2416.698783,1110.910001
2024-09-24,0,0,0,0,0,53821.0,17280.8,0.0,113.33,120.95,255.7115359,94.0,1309.971436,147.58,724.951112,40.044311,67.98,558.049999,138.99,408.479998,2290.526859,1105.519997
2024-09-25,0,0,0,0,0,48525.0,16668.18,0.0,132.03,103.17,244.187454,93.0,1469.703964,154.82,752.230521,36.946398,45.31,560.009998,133.469998,396.45,2459.010883,1089.929996
2024-09-26,0,0,0,0,0,64065.0,16028.06,0.0,183.35,122.85,220.6873474,93.0,1573.573401,199.73,732.166334,36.707549,64.42,573.909999,132.820001,396.880001,2606.597284,1103.610001
2024-09-27,0,0,0,0,0,74840.0,20790.13,0.0,180.04,136.63,227.5686739,93.0,1711.55,167.38,684.233156,36.803527,69.5,545.88,128.709998,384.21,2669.466683,1058.799998
2024-09-28,0,0,0,0,0,98658.0,22390.8,0.0,177.48,139.88,178.5419851,94.0,1864.122351,159.92,938.268088,42.157045,86.85,536.410002,125.1,374.469999,3091.317484,1035.980001
2024-09-29,1,0,0,0,1,185176.0,36445.84,0.0,601.17,108.79,248.334799,92.0,2184.79,152.61,937.239611,31.968511,129.6,625.99,150.44,430.990002,3436.208122,1207.420002
2024-09-30,0,0,0,0,1,98881.0,28598.36,0.0,352.55,109.58,211.2287219,92.0,1708.16,135.1,780.108443,30.429614,104.39,588.93,139.980001,408.970001,2758.188057,1137.880002
2024-10-01,0,0,0,0,1,74103.0,20039.68,0.0,238.26,97.58,171.6284188,117.0,1694.132441,167.29,895.094627,40.16192,108.53,584.519999,135.790002,406.459998,2905.208988,1126.769999
2024-10-02,0,0,0,0,1,62753.0,18216.08,0.0,196.79,107.89,120.6479499,116.0,1544.58,174.51,810.334268,41.014575,98.71,568.390003,132.130001,394.27,2669.148843,1094.790004
2024-10-03,0,0,0,0,1,82843.0,26249.36,0.0,344.4,85.91,145.5925359,117.0,1614.59248,187.71,907.231139,41.439319,101.17,562.58,130.669999,393.550001,2852.142938,1086.8
2024-10-04,0,0,0,0,1,52334.0,20352.66,0.0,208.6,76.64,151.2076942,112.0,1695.81887,175.7,851.407336,41.138071,86.78,545.780003,129.41,378.769998,2850.844277,1053.960001
2024-10-05,0,0,0,0,1,61591.0,24872.58,0.0,193.43,59.99,123.5452233,117.0,1691.852035,151.95,941.59521,41.930088,132.12,548.239997,126.31,385.960001,2959.447333,1060.509998
2024-10-06,1,0,0,0,1,130280.0,32296.36,0.0,574.27,99.55,162.780747,117.0,1731.89738,177.520701,857.812169,40.586158,164.83,620.36,146.669999,427.920001,2972.646408,1194.95
2024-10-07,0,0,0,0,1,66397.0,17754.62,0.0,205.04,95.22,166.3937818,113.0,1410.216726,164.47,799.831458,40.050304,109.14337,592.440002,140.0,408.569999,2523.711858,1141.010001
2024-10-08,0,0,0,0,1,62382.0,20209.56,0.0,299.19,97.88,164.4413553,116.0,1481.795077,178.847472,783.068832,40.388976,75.12,585.87,138.859999,406.509998,2559.220357,1131.239997
2024-10-09,0,0,0,0,1,58222.0,18498.73,0.0,254.99,117.81,145.6955381,114.0,1446.089998,186.844255,871.793575,41.330397,81.47,574.210001,133.300001,398.28,2627.528225,1105.790002
2024-10-10,0,0,0,0,1,71026.0,16872.62,0.0,203.63,98.62,153.1538185,112.0,1551.19275,178.73,809.078904,40.298466,25.46,560.560002,133.08,393.45,2604.76012,1087.090002
2024-10-11,0,0,0,0,1,59893.0,19947.41,0.0,91.77,84.24,132.3910915,112.0,1346.784193,176.3,734.163649,40.559318,43.93,546.83,126.54,382.970001,2341.73716,1056.340001
2024-10-12,0,0,0,0,1,68341.0,18757.66,0.0,258.04,63.35,130.5539971,113.0,1483.175768,159.132381,912.681262,43.782063,92.687574,543.320001,126.01,380.609999,2691.459048,1049.94
2024-10-13,0,0,0,0,1,137686.0,35823.0,0.0,389.12,98.01,160.5046983,113.0,1581.620036,181.774416,837.507673,39.734156,86.420287,619.249998,147.45,429.31,2727.056568,1196.009998
2024-10-14,0,0,0,0,0,31524.0,14741.65,0.0,91.71,101.36,154.357303,112.0,1436.455289,161.408425,686.087112,37.951385,65.92,593.07,138.190001,409.91,2387.822211,1141.170001
2024-10-15,0,0,0,0,0,35358.0,15950.6,0.0,78.01,86.14,153.8915641,113.0,1405.101425,167.01,854.631943,41.443708,59.0,583.92,137.46,406.490002,2527.187076,1127.870002
2024-10-16,0,0,0,0,0,31168.0,8215.04,0.0,64.55,75.45,131.4461474,112.0,1417.162291,164.893334,735.379092,38.803433,57.2,569.300001,134.58,395.29,2413.43815,1099.170001
2024-10-17,0,0,0,0,1,38261.0,15163.55,0.0,118.05,64.78,137.4545772,112.0,1390.32193,164.787686,723.295749,38.951333,50.79,562.460001,131.19,393.169999,2368.146698,1086.82
2024-10-18,0,0,0,0,1,35263.0,14006.85,0.0,64.23,62.9,146.3264863,112.0,1424.719914,124.14,795.620012,38.801366,57.510968,551.25,129.770001,386.269999,2440.79226,1067.29
2024-10-19,0,0,0,0,1,38981.0,14323.23,0.0,70.63,61.9,121.208035,112.0,1447.093784,143.73,832.933089,40.206755,70.237862,544.460001,125.42,379.4,2534.20149,1049.280001
2024-10-20,1,0,0,0,1,84118.0,19556.68,0.0,251.1,83.97,184.5777299,113.0,1876.541548,238.694539,754.177618,39.395252,77.41,618.180001,146.49,430.53,2986.218957,1195.200001
2024-10-21,0,0,0,0,1,47112.0,13405.06,0.0,95.98,90.37,156.167275,112.0,1352.84265,178.142424,708.285822,39.607377,67.799528,592.749998,138.699999,410.990001,2346.677801,1142.439998
2024-10-22,0,0,0,0,1,40114.0,13266.5,0.0,97.88,108.02,129.1343446,112.0,1498.299557,180.042961,829.825812,37.681409,68.3,587.190001,141.65,414.350002,2614.149739,1143.190003
2024-10-23,0,0,0,0,1,35733.0,12800.66,0.0,88.32,105.08,138.8796935,111.0,1545.384631,168.263838,798.572388,38.404018,62.79,569.269998,133.750001,399.259999,2613.414875,1102.279998
2024-10-24,0,0,0,0,1,36275.0,10842.01,0.0,95.11,120.14,124.1601317,112.0,1385.303716,172.561815,780.684187,37.934658,72.065183,566.989998,137.009998,391.75,2448.549559,1095.749996
2024-10-25,0,0,0,0,1,35260.0,10983.35,0.0,47.64,101.21,106.8853194,112.0,1290.432665,161.646396,747.753847,38.821388,71.085,551.14,131.9,377.239999,2309.739296,1060.279999
2024-10-26,0,0,0,0,1,40337.0,12882.76,0.0,70.64,65.06,106.8599369,111.0,1448.286644,146.23,866.026417,38.326838,94.145,534.130003,115.500002,374.77,2593.014899,1024.400005
2024-10-27,0,0,0,0,1,73093.0,23024.58,0.0,155.36,98.55,163.4702987,112.0,1785.794994,156.95,779.891887,37.04673,59.99,626.939997,150.19,441.21,2819.673611,1218.339997
2024-10-28,0,0,0,0,0,41382.0,17288.01,0.0,132.96,117.7,165.0832938,111.0,1604.604027,134.33,779.125511,36.643836,50.659687,594.360001,139.169999,407.52,2605.363061,1141.05
2024-10-29,0,0,0,0,0,47595.0,15317.87,0.0,138.09,139.35,145.1609957,111.0,1781.66913,145.99,774.951083,36.207377,36.8,584.11,139.03,406.760001,2775.61759,1129.900001
2024-10-30,0,0,0,0,0,55544.0,14781.73,0.0,203.81,124.07,122.2524662,112.0,1512.068626,149.57335,738.391931,36.116395,55.13,578.979999,138.290001,408.129999,2491.280302,1125.399999
2024-10-31,0,0,0,0,0,55461.0,12916.73,0.0,196.03,121.23,100.3278383,111.0,1470.008766,128.802625,688.216619,33.748194,29.67,527.93,130.130001,390.89,2350.446204,1048.950001
2024-11-01,0,0,0,0,0,61993.0,14411.56,0.0,260.65,89.86,102.0700606,117.0,1477.060439,196.501714,803.582311,41.571735,37.27,510.860001,124.64,367.240001,2555.986199,1002.740002
2024-11-02,0,0,0,0,0,57932.0,15265.9,0.0,183.93,73.52,77.1948869,117.0,1672.721224,187.54,921.22548,42.641139,75.41,511.340003,122.81,377.769999,2899.537843,1011.920002
2024-11-03,0,0,0,0,0,78997.0,23563.39,0.0,454.79,76.23,82.72233446,117.0,1681.207527,190.144628,791.701247,42.185867,51.39,629.17,158.41,466.159999,2756.629269,1253.739999
2024-11-04,0,0,0,0,0,49333.0,14637.09,0.0,132.08,92.13,97.49338397,155.0,1458.21071,183.93,823.68692,43.191973,44.26,672.349999,162.870001,443.700001,2553.279603,1278.920001
2024-11-05,0,0,0,0,0,51412.0,14128.0,0.0,177.6,104.74,94.91706023,155.0,1488.845703,189.01,852.689375,41.416044,62.68,646.849998,146.560001,380.650001,2634.641122,1174.06
2024-11-06,0,0,0,0,0,45909.0,12370.74,0.0,195.51,70.84,129.546143,154.0,1706.72566,174.3,816.654735,44.34493,40.8,705.269999,159.189999,443.8,2782.825325,1308.259998
2024-11-07,1,0,0,0,1,135854.0,27036.26,0.0,340.83,101.98,202.9398132,154.0,1786.641258,228.517222,1234.16999,42.278659,44.99,891.810001,223.36,518.2,3336.597129,1633.370001
2024-11-08,0,0,0,0,1,95704.0,27597.03,0.0,298.32,106.83,180.7298652,154.0,1335.403942,210.59,1262.022298,41.350182,8.5,647.589999,206.39,511.11,2857.866422,1365.089999
2024-11-09,0,0,0,0,1,103020.0,24203.71,0.0,321.33,92.39,214.4541367,152.0,1988.963171,266.98935,1610.312155,40.942211,97.6,541.46,189.089999,445.05,4004.806887,1175.599999
2024-11-10,1,0,0,0,1,249704.0,47353.35,0.0,971.29,126.2,321.9277044,154.0,2132.833867,350.090465,1418.354973,44.803677,64.68655,872.490002,261.95,607.66,4010.769532,1742.100002
2024-11-11,0,0,0,0,1,145974.0,40111.29,0.0,470.62,128.15,279.1568846,154.0,2449.605823,289.119957,1179.244241,45.864262,35.120714,1012.409999,241.71,646.8,3998.954997,1900.919999
2024-11-12,0,0,0,0,0,22700.0,11898.47,0.0,114.32,77.04,288.6560911,155.0,1393.379472,310.812563,1473.7876,41.09233,29.6,932.919998,230.68,816.459999,3248.671965,1980.059997
2024-11-13,0,0,0,0,0,33141.0,9889.08,0.0,90.79,96.87,267.8268474,155.0,1646.032081,251.818247,1006.306186,74.353216,47.62,893.609998,221.28,723.579999,3026.12973,1838.469997
2024-11-14,0,0,0,0,0,37531.0,13050.45,0.0,175.51,113.53,226.5972276,154.0,1702.972107,220.589313,1022.242767,70.514766,31.65,834.12,212.83,679.97,3047.968953,1726.92
2024-11-15,0,0,0,0,0,34419.0,15370.88,0.0,36.4,76.91,214.6544161,154.0,1398.90891,235.083517,1154.088034,72.007989,44.95,804.98,204.990001,660.559999,2905.03845,1670.53
2024-11-16,0,0,0,0,0,35920.0,10290.53,0.0,63.48,64.65,186.8668362,154.0,1500.07248,224.135882,1292.51758,73.89859,58.05,721.800002,200.439999,573.110001,3148.674532,1495.350002
2024-11-17,0,0,0,0,0,51014.0,20059.71,0.0,213.91,118.32,238.0152495,155.0,1876.441692,224.186665,1248.590024,72.928438,68.59,1013.680004,261.619999,829.129999,3490.736819,2104.430002
2024-11-18,0,0,0,0,0,39014.0,16159.26,0.0,105.44,102.02,190.7267045,154.0,1501.906309,208.844303,1139.648591,75.471277,47.27,975.640001,238.320001,766.759997,2973.14048,1980.719999
2024-11-19,0,0,0,0,0,36358.0,19206.84,0.0,103.03,103.62,149.2972297,155.0,1525.428139,243.008311,1185.689442,69.54844,35.61,848.81,232.760002,732.38,3059.284332,1813.950002
2024-11-20,0,0,0,0,0,41412.0,17550.68,0.0,96.17,103.78,100.523122,154.0,1557.121676,231.75,1034.029667,71.246752,27.3,836.740002,210.260002,707.880001,2921.448095,1754.880005
2024-11-21,0,0,0,0,0,35582.0,14700.74,0.0,129.72,116.75,126.6922528,154.0,1220.616164,247.194054,1387.286946,122.209217,35.633536,823.459999,206.77,662.989999,3012.939917,1693.219998
2024-11-22,0,0,0,0,0,43979.0,21188.51,0.0,147.78,120.22,86.24021696,153.0,578.755692,208.991904,1631.257804,118.246617,29.33,797.74,190.87,647.82,2566.582017,1636.43
2024-11-23,0,0,0,0,0,38674.0,15590.01,0.0,101.97,83.17,62.87622855,153.0,768.805947,300.418367,1604.273161,119.124871,44.75,804.77,198.099999,656.899999,2837.372346,1659.769998
2024-11-24,0,0,0,0,0,56781.0,27313.34,0.0,132.05,124.8,57.99829065,154.0,957.641473,267.79,1614.28252,117.664375,98.51,1014.579999,232.849999,677.900003,3055.888368,1925.330001
2024-11-25,1,1,0,0,1,196855.0,40617.13,0.0,668.62,123.09,83.51016282,155.0,1901.956598,451.85823,2085.912846,118.9912,83.982882,1262.549999,538.1,1197.770002,4642.701756,2998.420001
2024-11-26,0,1,0,0,1,140903.0,37803.51,0.0,529.17,106.41,83.69901486,155.0,2271.988612,372.313414,2386.244198,115.035538,97.500199,1159.649999,511.83,1167.000001,5243.081961,2838.48
2024-11-27,0,1,0,0,1,118368.0,38233.87,0.0,493.03,157.09,64.71057991,154.0,1950.057285,328.456455,3620.345267,119.72301,95.632878,1292.240003,543.88,1288.33,6114.214895,3124.450003
2024-11-28,0,1,0,0,1,114193.0,36541.76,0.0,459.87,185.71,77.54491994,151.0,2612.667758,629.762701,4556.837062,174.293647,251.369721,1655.960002,628.23,1564.330001,8224.930889,3848.520003
2024-11-29,1,1,0,0,1,226062.0,72272.51,0.0,1076.15,158.79,121.0253087,151.0,3710.27134,760.639466,5779.233362,170.955289,390.607028,1609.059995,647.239998,1533.62,10811.70648,3789.919993
2024-11-30,0,1,0,0,1,151394.0,45191.07,0.0,397.76,125.42,250.7459772,150.0,2703.296383,660.731522,5400.405106,162.605688,445.353447,1590.380001,596.650001,1488.950001,9372.392146,3675.980003
2024-12-01,1,1,0,0,1,262356.0,85792.27,0.0,1358.41,160.32,287.0729702,145.0,3374.648455,673.650067,5659.007205,192.127934,407.591711,1726.21,602.850002,1410.1,10307.02537,3742.940002
2024-12-02,0,1,0,0,1,140948.0,51704.39,0.0,783.57,151.04,120.8047834,49.0,2878.611929,695.374712,5513.752445,167.420012,280.756423,1790.879999,674.86,1615.899998,9535.915521,4088.969997
2024-12-03,0,0,0,0,0,28901.0,10097.12,0.0,87.67,113.06,96.29613349,46.0,1298.044446,154.965468,1701.750187,71.699738,250.90367,754.329999,212.490001,423.729999,3477.363509,1394.829999
2024-12-04,0,0,0,0,0,28376.0,9842.28,0.0,81.11,101.43,38.19345153,46.0,1665.318942,155.520836,1334.532253,73.507991,132.956138,566.389998,160.78,272.67,3361.83616,1004.039998
2024-12-05,0,0,0,0,0,24247.0,8121.95,0.0,39.66,96.54,34.8782252,45.0,1675.824661,154.104582,1321.323008,75.844501,146.730981,563.85,156.459999,257.01,3373.827733,981.129999
2024-12-06,0,0,0,0,0,24876.0,8109.52,0.0,36.07,60.73,29.4271811,47.0,1420.914662,164.350937,1099.609328,74.78434,106.354869,557.310001,148.77,251.61,2866.014136,961.970001
2024-12-07,0,0,0,0,0,33451.0,11764.98,0.0,83.37,59.53,31.66294498,45.0,1798.188111,151.677323,1481.479615,73.436993,185.24859,519.73,135.37,221.51,3690.030632,878.85
2024-12-08,0,0,0,0,0,38676.0,12990.44,0.0,132.17,90.22,49.47769,45.0,1985.038537,152.816874,1279.480714,73.014904,202.638472,654.920001,191.150001,308.84,3692.989501,1154.910002
2024-12-09,0,0,0,0,0,42177.0,10072.85,0.0,79.8,133.78,59.02550403,45.0,1616.190542,158.651439,870.282405,71.611452,51.371955,555.470002,160.66,281.540001,2768.107793,997.670003
2024-12-10,0,0,0,0,1,26048.0,7471.65,0.0,42.54,141.65,53.93925125,45.0,1435.402045,131.055261,1048.996267,67.568489,0.0,470.130001,136.76,258.499999,2683.022062,865.39
2024-12-11,0,0,0,0,1,22712.0,8611.22,0.0,85.16,161.3,44.32710924,46.0,1692.712759,17.699192,131.630176,21.213687,0.0,81.339997,24.37,33.419999,1863.255814,139.129996
2024-12-12,0,0,0,0,1,22388.0,9039.54,0.0,75.78,116.29,43.04316789,45.0,1359.734356,16.045186,162.971707,28.40149,0.0,105.209999,29.989998,41.19,1567.152739,176.389997
2024-12-13,1,0,0,0,1,23307.0,8669.22,0.0,79.18,106.89,39.08162498,45.0,1350.744231,15.95776,185.729005,21.423814,0.0,86.28,25.86,37.55,1573.85481,149.69
2024-12-14,0,0,0,0,1,21502.0,7901.85,0.0,73.06,79.92,37.74224523,46.0,1547.859183,16.68,190.726932,23.545422,0.0,51.479999,20.45,29.72,1778.811537,101.649999
2024-12-15,0,0,0,0,1,35049.0,15538.03,0.0,74.92,95.85,53.8839968,45.0,1863.368664,13.7,209.801087,18.93309,0.0,101.45,30.16,42.26,2105.802841,173.87
2024-12-16,0,0,0,0,0,24684.0,8050.55,0.0,45.59,118.26,53.90006875,45.0,1712.425598,13.262802,163.39409,20.268581,0.0,97.39,28.01,40.81,1909.351071,166.21
2024-12-17,0,0,0,0,0,21089.0,7338.78,0.0,106.98,121.19,52.63953446,12.0,1273.376588,15.107453,186.532928,21.066438,0.0,73.680001,25.24,34.5,1496.083407,133.420001
2024-12-18,0,0,0,0,0,26126.0,7128.62,0.0,75.78,93.8,58.26829722,12.0,1208.51156,15.4,177.94091,12.631392,0.0,72.02,23.51,33.66,1414.483862,129.19
2024-12-19,0,0,0,0,0,16105.0,5160.26,0.0,53.25,82.44,57.21071494,11.0,1094.284294,19.78,169.089193,0.0,0.0,76.25,23.48,34.55,1283.153487,134.28
2024-12-20,0,0,0,0,0,18214.0,6961.32,0.0,34.88,66.66,62.62058062,11.0,1110.295507,17.29,185.48307,0.0,0.0,69.68,22.67,29.08,1313.068577,121.43
2024-12-21,0,0,0,0,0,18947.0,7296.99,0.0,59.55,59.94,58.61740588,11.0,1046.230971,13.04,129.495815,0.0,0.0,69.279999,21.669999,29.82,1188.766786,120.769998
2024-12-22,0,0,0,0,0,16636.0,6472.58,0.0,50.09,78.1,52.31319725,12.0,848.710992,16.24,164.309699,0.0,0.0,90.61,29.02,41.65,1029.260691,161.28
2024-12-23,0,0,0,0,0,20583.0,6182.67,0.0,91.5,64.94,52.16376212,11.0,680.454575,14.72,140.436457,0.0,0.0,84.89,26.42,36.71,835.611032,148.02
2024-12-24,0,0,0,0,0,11848.0,2839.92,0.0,60.49,41.53,27.82913766,12.0,553.84036,10.35,137.464025,0.0,0.0,76.18,23.73,33.29,701.654385,133.2
2024-12-25,0,0,1,0,0,17852.0,5576.3,0.0,85.01,51.14,43.8335592,11.0,615.558054,17.41,165.791443,0.0,0.0,87.89,27.65,37.07,798.759497,152.61
2024-12-26,0,0,1,0,0,22632.0,7925.5,0.0,77.55,69.44,63.75864754,12.0,641.68663,16.35,149.177285,0.0,0.0,74.33,24.89,33.3,807.213915,132.52
2024-12-27,0,0,0,0,0,23505.0,8795.06,0.0,49.05,104.75,78.38049187,11.0,818.511558,14.74,145.948627,0.0,0.0,72.64,22.15,30.54,979.200185,125.33
2024-12-28,0,0,0,0,0,24057.0,5924.72,0.0,42.53,77.99,74.3577665,11.0,774.342033,16.37,143.125281,0.0,0.0,72.959999,20.99,32.1,933.837314,126.049999
2024-12-29,0,0,0,0,0,24679.0,7243.56,0.0,37.47,114.91,78.12585283,11.0,891.477089,13.17,131.364632,0.0,0.0,91.85,28.43,42.07,1036.011721,162.35
2024-12-30,0,0,0,0,0,26513.0,9315.45,0.0,69.55,88.58,80.66436246,11.0,902.602778,12.118955,127.682302,0.0,0.0,85.39,27.22,37.5,1042.404035,150.11
2024-12-31,0,0,0,0,0,16792.0,5191.22,0.0,41.99,67.03,72.04595003,10.0,550.022463,7.07,90.270264,0.0,0.0,76.45,24.15,32.71,647.362727,133.31
2025-01-01,0,0,1,0,0,20987.0,8979.19,0.0,92.62,7.14,59.26180657,36.0,810.144192,18.923413,165.733882,0.0,0.0,87.83,26.65,37.96,994.801487,152.44
2025-01-02,0,0,0,0,1,53089.0,15925.73,0.0,161.37,114.04,64.26702797,33.0,986.518016,45.316031,318.652552,0.0,0.0,344.760001,92.73,166.72,1350.486599,604.210001
2025-01-03,0,0,0,0,1,41561.0,11318.4,0.0,119.91,151.29,67.64184724,32.0,1021.87371,44.495521,332.607183,0.0,0.0,530.68,140.019999,303.610002,1398.976414,974.310001
2025-01-04,0,0,0,0,1,45886.0,14301.57,0.0,108.8,84.35,58.30480142,32.0,1075.547817,41.742175,364.154273,0.0,0.0,335.379999,123.51,190.36,1481.444265,649.249999
2025-01-05,0,0,0,0,1,69142.0,21720.38,0.0,232.99,101.76,83.63867939,34.0,1254.81048,42.51,317.751158,0.0,0.0,566.320001,164.099999,309.34,1615.071638,1039.76
2025-01-06,0,0,0,0,0,30126.0,11999.58,0.0,48.67,89.05,64.82039665,33.0,914.906852,42.83,289.052892,0.0,0.0,507.21,156.739999,286.970001,1246.789744,950.92
2025-01-07,0,0,0,0,1,47641.0,13505.41,0.0,113.9,115.15,84.10338798,101.0,1140.368916,43.667349,339.577954,12.761316,0.0,509.08,165.100001,297.37,1536.375535,971.550001
2025-01-08,0,0,0,0,1,45020.0,12954.87,0.0,108.91,133.52,101.6552567,101.0,1045.344477,203.594597,888.451484,50.276402,0.0,432.059998,138.440001,247.35,2187.66696,817.849999
2025-01-09,0,0,0,0,1,46029.0,13619.45,0.0,151.3,132.21,114.2032367,101.0,967.824353,224.093571,1547.72664,52.619694,0.0,426.98,111.3,214.089998,2792.264258,752.369998
2025-01-10,0,0,0,0,1,44347.0,12042.65,0.0,80.53,103.38,92.36887125,70.0,819.996288,124.451698,1440.423251,40.859061,0.0,433.110001,120.140002,225.38,2425.730298,778.630003
2025-01-11,0,0,0,0,1,41961.0,13894.97,0.0,153.95,116.75,72.18863879,69.0,1087.18593,119.433261,1293.526924,12.067103,0.0,446.58,122.729999,237.04,2512.213218,806.349999
2025-01-12,0,0,0,0,1,59989.0,17924.54,0.0,194.25,133.44,90.5330883,68.0,1332.195473,119.389159,1219.481154,11.729506,0.0,536.25,158.660001,292.669999,2682.795292,987.58
2025-01-13,0,0,0,0,1,44664.0,18462.3,0.0,163.38,141.04,91.99867696,68.0,885.417871,117.568158,1288.712431,12.295466,0.0,501.96,150.190001,280.100001,2303.993926,932.250002
2025-01-14,1,0,0,0,1,74344.0,18243.95,0.0,191.1,155.4,90.03942328,68.0,928.06171,122.013658,1275.195618,10.26675,0.0,485.24,136.06,220.519999,2335.537736,841.819999
2025-01-15,0,0,0,0,1,62239.0,14506.69,0.0,182.5,141.86,87.26686024,68.0,1211.196188,118.311628,1225.177603,8.507081,0.0,462.259999,134.52,216.26,2563.1925,813.039999
2025-01-16,0,0,0,0,1,49609.0,14899.32,0.0,85.79,166.43,93.60484349,69.0,1297.265995,117.01225,1270.454268,9.85062,0.0,443.359997,118.410001,197.08,2694.583133,758.849998
2025-01-17,0,0,0,0,1,45444.0,13825.3,0.0,167.25,136.2,100.2925725,69.0,1248.886953,118.79659,1240.423809,11.924252,0.0,454.01,127.76,204.33,2620.031604,786.1
2025-01-18,0,0,0,0,1,61645.0,17545.77,0.0,182.41,109.03,97.66875874,68.0,1480.254299,119.965248,1271.295444,10.358443,0.0,432.760002,112.59,172.839999,2881.873434,718.190001
2025-01-19,0,0,0,0,1,75320.0,23416.38,0.0,141.41,109.83,143.9968969,68.0,1550.811234,118.907864,1222.924352,11.416442,0.0,528.799999,147.49,235.4,2904.059892,911.689999
2025-01-20,0,0,0,0,1,46449.0,13654.42,0.0,57.94,142.94,208.2139909,68.0,1274.5398,118.311746,1181.927002,10.179071,0.0,551.15,158.450001,253.81,2584.957619,963.410001
2025-01-21,0,0,0,0,1,63891.0,16516.19,0.0,204.83,142.01,192.2799455,68.0,1410.244457,116.126413,1339.212992,9.227809,0.0,454.149998,132.38,201.37,2874.811671,787.899998
2025-01-22,0,0,0,0,1,60102.0,17637.61,0.0,156.04,166.05,184.5957768,68.0,1079.233026,112.622988,1270.07643,9.672672,0.0,546.62,121.18,211.46,2471.605116,879.26
2025-01-23,0,0,0,0,1,52483.0,16244.27,0.0,203.62,138.16,161.2294405,69.0,1308.040406,114.766555,1291.194563,10.608503,0.0,676.680004,113.429999,304.230002,2724.610027,1094.340005
2025-01-24,0,0,0,0,1,53186.0,18154.05,0.0,169.0,148.47,168.6044164,72.0,1011.931323,109.464869,1321.008809,9.400223,0.0,665.17,119.05,310.530001,2451.805224,1094.750001
2025-01-25,0,0,0,0,1,62246.0,21184.67,0.0,168.12,98.33,189.0570261,67.0,1623.798984,117.399203,1344.250029,10.059193,0.0,651.49,116.850001,292.640001,3095.507409,1060.980002
2025-01-26,1,0,0,0,1,152129.0,32203.82,0.0,396.91,134.34,261.6339852,69.0,1942.06811,113.704549,1227.406602,9.218065,0.0,815.910001,152.64,361.210062,3292.397326,1329.760063
2025-01-27,0,0,0,0,1,65777.0,17290.87,0.0,268.16,174.23,190.2741,66.0,1352.205042,114.0625,1250.37985,9.56326,0.0,751.66,137.200001,342.590002,2726.210652,1231.450003
2025-01-28,0,0,0,0,1,51346.0,16201.69,0.0,187.17,159.93,208.5526,66.0,1313.316235,112.058553,1184.595201,9.132707,0.0,658.36,125.490001,307.980001,2619.102696,1091.830002
2025-01-29,0,0,0,0,1,51319.0,16571.95,0.0,169.88,130.17,183.8941,66.0,1426.215801,102.750137,1186.168964,8.516515,0.0,690.299999,126.06,308.630001,2723.651417,1124.99
2025-01-30,0,0,0,0,1,65921.0,19517.12,0.0,128.34,163.92,191.7492,67.0,1337.48992,101.518982,1204.825907,9.489697,0.0,678.37,131.39,307.949999,2653.324506,1117.709999
2025-01-31,0,0,0,0,1,57237.0,15385.87,0.0,168.32,96.21,175.5882,65.0,1708.730476,100.569221,1172.543558,6.976659,0.0,665.349998,121.8,296.43,2988.819914,1083.579998
2025-02-01,0,0,0,0,1,57504.0,17459.91,0.0,159.02,66.14,137.9312,71.0,1938.862209,130.069123,1519.070585,12.286859,0.0,624.580002,113.31,273.59,3600.288776,1011.480002
2025-02-02,0,0,0,0,1,97160.0,25769.09,0.0,314.67,126.03,145.3178,72.0,2042.182688,132.593995,1473.604643,11.834035,0.0,766.640002,141.920001,351.270001,3660.215361,1259.830004
2025-02-03,0,0,0,0,1,51688.0,18247.85,0.0,148.3,153.33,156.8144,71.0,1446.184994,132.610542,1255.011404,12.262032,0.0,773.86,150.34,352.050001,2846.068972,1276.250001
2025-02-04,0,0,0,0,1,66619.0,20710.21,0.0,154.45,136.84,145.7135,103.0,1590.971826,127.506374,1378.823798,11.876209,0.0,713.53,132.930002,327.87,3109.178207,1174.330002
2025-02-05,0,0,0,0,1,56403.0,12795.11,0.0,151.21,99.0,130.2958,105.0,1404.07139,125.022143,1463.266435,11.346469,0.0,674.800002,121.62,294.28,3003.706437,1090.700002
2025-02-06,0,0,0,0,1,56033.0,18864.11,0.0,214.48,145.63,124.7436,103.0,1402.537335,129.614803,1423.949737,10.824617,0.0,648.610002,122.1,292.85,2966.926492,1063.560002
2025-02-07,0,0,0,0,1,42975.0,13422.96,0.0,78.57,112.78,139.9156,104.0,1465.696779,130.213911,1320.924964,11.497064,0.0,652.939999,116.77,290.899999,2928.332718,1060.609998
2025-02-08,0,0,0,0,1,55650.0,21854.64,0.0,148.7,87.22,127.6706,104.0,1654.871553,156.066334,1514.370653,11.062609,0.0,660.290001,122.05,288.98,3336.371149,1071.320001
2025-02-09,0,0,0,0,1,79372.0,27210.96,0.0,210.81,15.08,0.0,104.0,2034.832167,124.028684,1353.023662,11.090198,0.0,810.469999,149.309999,368.319999,3522.974711,1328.099997
2025-02-10,0,0,0,0,1,49628.0,18087.67,0.0,117.28,113.35,154.5252,104.0,1757.124008,123.562233,1314.439606,10.853616,0.0,681.569999,134.310002,322.560002,3205.979463,1138.440003
2025-02-11,1,0,0,0,1,81303.0,15220.51,0.0,252.63,94.52,171.5059,104.0,1765.464432,123.768632,1336.565096,10.619851,0.0,709.829999,135.439999,331.07,3236.418011,1176.339998
2025-02-12,0,0,0,0,1,71857.0,19615.85,0.0,215.45,143.42,133.7817,103.0,1761.961088,119.243512,1353.75398,10.641262,0.0,709.250001,126.92,303.829999,3245.599842,1140.0
2025-02-13,0,0,0,0,1,54831.0,21316.79,0.0,205.3,157.11,132.6941,103.0,1739.686955,122.114107,1348.20598,11.199782,0.0,647.549998,119.32,285.109999,3221.206824,1051.979997
2025-02-14,0,0,0,0,1,48974.0,19918.84,0.0,157.39,134.77,113.0053,107.0,1831.768336,130.928128,1440.834459,10.910366,0.0,653.25,121.449999,293.51,3414.441289,1068.209999
2025-02-15,0,0,0,0,1,58232.0,19939.51,0.0,151.43,109.06,135.5384,104.0,1654.399797,124.710613,1394.691485,10.714248,0.0,677.669998,120.34,293.93,3184.516143,1091.939998
2025-02-16,0,0,0,0,1,102302.0,32005.94,0.0,409.63,134.25,163.5527,103.0,1533.792707,131.449025,1465.388685,11.363281,0.0,796.52,148.46,364.659999,3141.993698,1309.639999
2025-02-17,0,0,0,0,1,49661.0,22547.33,0.0,187.26,122.84,153.138138,103.0,1152.682979,123.304733,1255.206119,11.230144,0.0,705.710001,144.200001,333.76,2542.423975,1183.670002
2025-02-18,0,0,0,0,1,52422.0,19091.39,0.0,106.6,131.69,137.2122,103.0,1159.465683,122.832982,1329.869237,10.626617,0.0,711.86,125.080001,306.84,2622.794519,1143.780001
2025-02-19,0,0,0,0,1,40374.0,15351.94,0.0,141.03,118.48,101.2238,105.0,1193.555751,124.150182,1324.015118,10.944128,0.0,679.919999,124.880001,305.0,2652.665179,1109.8
2025-02-20,1,0,0,0,1,51460.0,10776.19,0.0,133.93,113.38,127.4679,103.0,1184.124845,123.743577,1293.695507,10.346676,0.0,649.840002,123.339998,294.430001,2611.910605,1067.610001
2025-02-21,0,0,0,0,1,49973.0,11121.05,0.0,177.62,108.43,135.8384867,103.0,1315.984032,117.859831,1325.917012,10.222522,0.0,669.91,119.760001,295.229999,2769.983397,1084.9
2025-02-22,0,0,0,0,1,50373.0,18878.42,0.0,121.19,123.48,129.8706,103.0,1495.699894,123.048322,1393.996803,10.241613,0.0,678.920001,122.31,301.420001,3022.986632,1102.650002
2025-02-23,0,0,0,0,1,66923.0,20546.88,0.0,141.57,108.74,175.7808,103.0,1650.265548,124.363146,1284.107574,11.827075,0.0,782.08,144.51,356.189999,3070.563343,1282.779999
2025-02-24,0,0,0,0,0,40365.0,17761.98,0.0,90.89,143.57,153.9746,103.0,1100.315755,118.525234,1188.421587,12.232749,0.0,702.190001,88.38,244.63,2419.495325,1035.200001
2025-02-25,0,0,0,0,0,33443.0,12846.85,0.0,72.89,115.98,142.8581,107.0,1101.71047,116.257136,1102.100785,12.360256,0.0,808.11,97.320001,329.6,2332.428647,1235.030001
2025-02-26,0,0,0,0,0,35984.0,12218.0,0.0,115.01,137.8,150.7539,103.0,1058.219267,116.978513,1091.887037,8.62591,0.0,787.83,95.910001,328.23,2275.710727,1211.970001
2025-02-27,1,0,0,0,1,68713.0,16868.34,0.0,119.72,142.22,154.2943,103.0,1249.881735,118.179095,898.479819,7.746986,0.0,795.420001,99.039998,338.160001,2274.287635,1232.62
2025-02-28,0,0,0,0,1,55104.0,17578.39,0.0,313.17,122.04,163.1569285,97.0,887.172548,104.899409,937.935989,7.483014,0.0,800.910001,90.439999,322.25,1937.49096,1213.6
2025-03-01,0,0,0,0,1,61415.0,19204.43,0.0,167.29,116.03,108.7529,92.0,1142.479479,115.318241,1141.723223,11.688062,0.0,697.910002,84.580001,282.85,2411.209005,1065.340003
2025-03-02,0,0,0,0,1,86624.0,29938.45,0.0,313.25,116.35,130.7873,90.0,1172.497283,121.402878,1177.744081,10.13093,0.0,882.159999,106.650002,366.28,2481.775172,1355.090001
2025-03-03,0,0,0,0,1,48070.0,19300.27,0.0,181.45,130.11,147.6299788,91.0,1255.967002,117.342974,985.447118,11.870399,0.0,815.58,100.780001,331.700001,2370.627493,1248.060002
2025-03-04,0,0,0,0,1,51979.0,20417.8,0.0,161.27,134.82,128.5613,92.0,1077.793524,116.258068,1119.849886,10.773334,0.0,822.610002,92.959999,332.78,2324.674812,1248.350001
2025-03-05,0,0,0,0,1,55559.0,19365.78,0.0,79.06,126.33,116.5286,90.0,1347.708681,117.932223,1195.009429,9.537175,0.0,783.81,94.11,319.43,2670.187508,1197.35
2025-03-06,1,0,0,0,1,60962.0,18794.36,0.0,174.65,142.9,125.24226,90.0,1307.530083,117.547892,1300.884456,9.628434,0.0,769.18,92.27,310.83,2735.590865,1172.28
2025-03-07,0,0,0,0,1,59186.0,17160.48,0.0,74.55,110.92,113.9595795,90.0,1333.425168,121.583456,1302.606266,9.92692,0.0,771.679999,89.33,307.95,2767.54181,1168.959999
2025-03-08,0,0,0,0,1,59523.0,20176.95,0.0,218.95,102.27,101.4552,91.0,1544.379164,113.742114,1646.203396,5.433459,0.0,739.31,87.53,302.6,3309.758133,1129.44
2025-03-09,0,0,0,0,1,79234.0,22800.62,0.0,154.54,126.72,141.844,91.0,1928.931042,111.975942,1876.36629,7.660812,0.0,891.1,107.53,377.33,3924.934086,1375.96
2025-03-10,0,0,0,0,0,38970.0,17415.46,0.0,152.02,133.33,133.4788,92.0,1432.098933,117.40112,1266.314602,6.450762,0.0,825.830001,96.14,335.070001,2822.265417,1257.040002
2025-03-11,0,0,0,0,0,39216.0,16809.74,0.0,159.91,131.2,120.2816,91.0,1500.08683,115.350752,1282.776312,5.075184,0.0,809.17,97.379999,324.76,2903.289078,1231.309999
2025-03-12,0,0,0,0,0,46551.0,17676.9,0.0,140.63,147.33,137.6389,90.0,1742.1309,116.472812,1339.610339,5.966265,0.0,785.04,91.87,316.26,3204.180316,1193.17
2025-03-13,1,0,0,0,1,53152.0,14228.64,0.0,233.35,145.15,135.4632,90.0,1947.078485,115.116425,1259.77588,9.293947,0.0,767.17,90.27,306.09,3331.264737,1163.53
2025-03-14,0,0,0,0,1,47972.0,14549.91,0.0,141.69,118.91,113.6939,90.0,1416.506471,113.639956,1169.721564,7.340991,0.0,741.42,87.73,301.27,2707.208982,1130.42
2025-03-15,0,0,0,0,1,50385.0,16569.45,0.0,118.71,109.71,105.0289,91.0,1790.172828,117.191104,1465.53748,8.795209,0.0,774.36,91.67,312.06,3381.696621,1178.09
2025-03-16,0,0,0,0,1,66521.0,24006.4,0.0,147.68,129.17,140.4727,90.0,1810.11218,113.418733,1356.661896,7.613212,0.0,901.24,108.24,371.61,3287.806021,1381.09
2025-03-17,0,0,0,0,0,36265.0,16586.83,0.0,185.65,122.2,144.2246,91.0,1246.251426,113.787258,1267.231297,8.202848,0.0,821.64,93.88,335.14,2635.472829,1250.66
2025-03-18,0,0,0,0,0,38200.0,17360.06,0.0,143.85,109.9,115.3511281,90.0,1282.54403,119.86,1215.842544,7.346941,0.0,786.209999,97.28,322.710001,2625.593515,1206.2
2025-03-19,0,0,0,0,0,40239.0,13618.52,0.0,190.24,133.56,106.6776424,90.0,1244.291974,106.373229,1299.956153,7.442036,0.0,878.749999,94.7,330.12,2658.063392,1303.569999
2025-03-20,0,0,0,1,0,45580.0,15307.03,0.0,90.32,128.32,111.8278,90.0,1280.318244,113.9306,1249.971117,7.465256,0.0,696.8,90.22,305.67,2651.685217,1092.69
2025-03-21,0,0,0,1,0,39776.0,13339.13,0.0,164.25,123.72,108.7036,90.0,1230.601215,115.444849,1162.696785,5.587671,0.0,747.49,87.92,303.67,2514.33052,1139.08
2025-03-22,0,0,0,1,0,51832.0,16640.69,0.0,142.99,113.62,117.1706,91.0,1364.454836,110.274132,1376.330443,5.089495,0.0,762.33,91.53,304.82,2856.148906,1158.68
2025-03-23,0,0,0,1,0,82652.0,24594.29,0.0,350.16,144.99,146.9522,90.0,1616.446303,110.947761,1259.387896,6.976291,0.0,911.23,109.17,379.77,2993.758251,1400.17
2025-03-24,0,0,0,1,0,68262.0,22581.01,0.0,146.12,144.0,142.9122,90.0,1470.839798,155.057149,1182.140719,9.766105,0.0,806.66,99.070001,330.65,2817.803771,1236.380001
2025-03-25,1,0,0,1,1,137858.0,21137.09,0.0,601.88,145.06,133.627,90.0,1526.253383,101.09,1228.016075,7.880342,0.0,939.2,100.64,312.66,2863.2398,1352.5
2025-03-26,0,0,0,1,1,101136.0,23597.19,0.0,353.32,140.31,116.5124,90.0,1365.025675,100.71,1190.065571,6.479977,0.0,930.79,92.71,336.36,2662.281223,1359.86
2025-03-27,0,0,0,1,1,88338.0,21245.98,0.0,264.09,160.41,103.3785,90.0,1413.873677,96.504178,1096.130267,6.161222,0.0,585.86,83.54,302.2,2612.669344,971.6
2025-03-28,0,0,0,1,1,77823.0,20312.53,0.0,236.64,145.14,147.883386,91.0,1460.711818,106.608435,1205.870382,6.157969,0.0,693.6,91.34,303.72,2779.348604,1088.66
2025-03-29,0,0,0,1,1,92458.0,27086.24,0.0,291.06,123.85,147.9378,89.0,1542.311787,102.33061,1198.869939,6.32422,0.0,720.64,85.37,305.58,2849.836556,1111.59
2025-03-30,0,0,0,1,1,128263.0,32603.74,0.0,377.57,156.99,180.3756,91.0,1572.982052,94.367987,1157.887216,6.497477,0.0,897.1,106.73,373.55,2831.734732,1377.38
2025-03-31,0,0,0,1,1,81186.0,22903.45,0.0,313.13,150.21,156.6484478,86.0,1501.373272,91.39,1058.722583,6.483297,0.0,818.05,116.48,307.58,2657.969152,1242.11
2025-04-01,0,0,0,1,1,67480.0,20019.53,0.0,307.04,102.8,126.3019,94.0,1517.806107,125.245636,1265.340308,9.593266,0.0,848.000001,201.61,345.41,2917.985317,1395.020001
2025-04-02,0,0,0,1,1,78322.0,24180.61,0.0,366.44,116.2,102.7404,94.0,1600.942304,120.761424,1173.496978,7.550821,0.0,808.64,199.94,344.96,2902.751527,1353.54
2025-04-03,0,0,0,1,1,77971.0,18463.62,0.0,311.95,93.17,90.0337,93.0,1598.852663,118.531117,1693.212791,8.696229,0.0,758.65,194.89,318.57,3419.2928,1272.11
2025-04-04,0,0,0,1,1,63056.0,21353.69,0.0,196.01,88.37,111.5575,93.0,1462.96428,120.86958,1422.666521,7.44301,0.0,766.869999,188.04,310.4,3013.943391,1265.309999
2025-04-05,0,0,0,1,1,145985.0,24134.58,0.0,622.95,108.31,122.3398686,94.0,2120.327758,124.881305,1663.002413,9.381824,0.0,712.13,179.38,287.84,3917.5933,1179.35
2025-04-06,1,0,0,1,1,193288.0,49249.15,0.0,598.52,131.17,127.1914,93.0,1707.830676,118.189801,1457.664038,9.207658,0.0,904.3,214.02,370.12,3292.892173,1488.44
2025-04-07,0,0,0,0,0,37998.0,12353.93,0.0,172.84,103.23,128.1777,93.0,1612.665854,118.362297,937.533211,9.82343,0.0,821.250001,202.36,345.02,2678.384792,1368.630001
2025-04-08,0,0,0,0,0,31722.0,15782.34,0.0,89.5,93.02,125.4775,94.0,1722.520383,116.985756,1838.015399,7.493953,0.0,761.34,187.88,301.32,3685.015491,1250.54
2025-04-09,0,0,0,0,0,37246.0,17466.89,0.0,110.86,97.87,139.1317,94.0,1472.73956,123.456052,1421.218337,6.358004,0.0,775.54,190.91,306.93,3023.771953,1273.38
2025-04-10,0,0,0,0,0,53363.0,17992.38,0.0,167.64,122.63,130.0880852,93.0,1712.868167,119.670715,1507.338438,7.888685,0.0,768.18,188.129999,317.230001,3347.766005,1273.54
2025-04-11,0,0,0,0,0,49896.0,21701.76,0.0,119.5,133.08,127.3566,93.0,1488.313336,121.976311,1219.24952,8.143706,0.0,766.57,187.020001,307.47,2837.682873,1261.060001
2025-04-12,0,0,0,0,0,59674.0,20317.22,0.0,219.42,92.58,106.7681,94.0,1508.585175,120.55198,1722.074813,9.363533,0.0,783.67,188.93,317.08,3360.575501,1289.68
2025-04-13,0,0,0,0,0,65936.0,15063.62,0.0,211.64,151.96,146.6208,94.0,1639.413228,119.233182,1456.32301,8.081267,0.0,896.98,219.22,371.26,3223.050687,1487.46
2025-04-14,0,0,0,0,0,40169.0,14973.88,0.0,178.31,145.52,140.9822,93.0,1294.85023,117.276433,1227.909266,8.459032,0.0,777.2,190.68,317.270001,2648.494961,1285.150001
2025-04-15,0,0,0,0,0,46678.0,17941.18,0.0,176.15,205.85,135.3617,95.0,1261.317643,117.853463,1478.943763,8.500895,0.0,802.27,193.13,323.14,2866.615764,1318.54
2025-04-16,0,0,0,0,0,41767.0,14593.62,0.0,116.28,187.84,137.263,94.0,1164.747723,113.911702,1384.63546,8.754883,0.0,778.53,191.2,311.24,2672.049768,1280.97
2025-04-17,0,0,0,0,0,39982.0,14256.8,0.0,128.97,116.97,113.6624,94.0,1200.340927,122.532081,1329.580889,9.628748,0.0,758.37,187.259999,310.769999,2662.082645,1256.399998
2025-04-18,0,0,1,0,0,49806.0,16396.76,0.0,112.74,130.73,83.6713,93.0,1183.278434,117.838827,1533.493957,9.145792,0.0,743.87,182.169999,299.22,2843.75701,1225.259999
2025-04-19,0,0,0,0,0,35546.0,11745.46,0.0,122.08,60.77,71.36482995,95.0,1090.174843,126.844987,1155.406196,9.192153,0.0,834.26,195.95,338.88,2381.618179,1369.09
2025-04-20,0,0,0,0,0,38977.0,18605.59,0.0,150.98,87.31,73.01601819,93.0,1136.05798,109.055873,1471.943179,9.250867,0.0,872.74,211.56,350.54,2726.307899,1434.84
2025-04-21,0,0,1,0,0,60848.0,28346.17,0.0,181.82,146.19,120.0015,94.0,1297.454964,116.19858,1442.095022,9.336813,0.0,812.91,200.66,326.71,2865.085379,1340.28
2025-04-22,0,0,0,0,1,60393.0,24911.4,0.0,183.82,178.73,144.6669,93.0,1021.58775,111.460569,1259.598337,8.76957,0.0,754.4,189.13,316.329999,2401.416226,1259.859999
2025-04-23,0,0,0,0,1,55556.0,23511.35,0.0,162.4,182.21,172.0389,92.0,1033.375192,115.634855,1336.016796,10.955316,0.0,807.53,193.99,329.47,2495.982159,1330.99
2025-04-24,1,0,0,0,1,62769.0,23860.83,0.0,223.09,172.59,167.0872,93.0,1269.918093,117.222426,1355.049387,8.783026,0.0,781.27,189.37,312.66,2750.972932,1283.3
2025-04-25,0,0,0,0,1,53871.0,15269.54,0.0,145.62,167.31,172.0386,92.0,1274.008036,82.949441,821.795303,8.828938,0.0,730.4,153.57,270.459999,2187.581718,1154.429999
2025-04-26,0,0,0,0,1,58496.0,19447.72,0.0,193.68,88.6,111.7546,92.0,1232.368564,82.852852,844.781682,8.581171,0.0,655.49,135.95,256.82,2168.584269,1048.26
2025-04-27,0,0,0,0,1,90690.0,28390.34,0.0,233.76,149.83,177.8413,92.0,1350.499635,81.824195,747.53957,9.410898,0.0,779.57,166.66,311.79,2189.274298,1258.02
2025-04-28,0,0,0,0,0,38067.0,13167.52,0.0,108.09,150.35,197.7827,92.0,1253.217387,74.972238,736.131071,8.474175,0.0,710.67,146.93,276.06,2072.794871,1133.66
2025-04-29,0,0,0,0,0,42799.0,13013.78,0.0,87.94,144.58,209.7865,92.0,1249.521461,78.309213,923.020464,8.053744,0.0,677.94,139.37,277.1,2258.904882,1094.41
2025-04-30,1,0,0,0,1,61706.0,17207.16,0.0,192.57,121.01,164.5309,92.0,1079.078566,75.702629,715.79928,7.438128,0.0,692.640001,141.88,264.78,1878.018603,1099.300001
2025-05-01,0,0,1,0,1,59419.0,20521.93,0.0,193.06,95.89,127.1533,90.48,1203.82772,76.323423,776.97722,8.608796,0.0,1546.77,329.12,620.43,2065.737159,2496.32
2025-05-02,0,0,0,0,1,55475.0,15571.32,0.0,213.11,100.77,140.7004,90.51,1322.667526,84.671306,826.452289,9.30173,0.0,1289.590001,276.34,512.48,2243.092851,2078.410001
2025-05-03,0,0,0,0,1,48628.0,20677.5,0.0,121.72,89.81,112.7549,91.75,1282.139044,86.53953,930.888941,7.893588,0.0,1296.44,276.02,513.96,2307.461103,2086.42
2025-05-04,0,0,0,0,1,63849.0,17589.1,0.0,251.72,146.66,113.9315,91.43,1433.268574,85.857709,824.473326,8.872119,0.0,916.97,205.99,352.4,2352.471728,1475.36
2025-05-05,0,0,0,0,1,51394.0,21663.34,0.0,198.66,156.71,126.5887,91.02,1278.652457,77.307613,738.03921,8.885424,0.0,801.08,164.6,296.1,2102.884704,1261.78
2025-05-06,0,0,0,0,1,45238.0,18782.51,0.0,173.17,152.52,107.7172,90.37,1109.751923,76.955142,930.037664,9.480568,0.0,787.48,157.14,289.759999,2126.225297,1234.379999
2025-05-07,0,0,0,0,1,57363.0,18000.09,0.0,137.82,148.69,125.621,90.41,1159.47569,79.500715,880.07821,8.587033,0.0,810.840001,168.639999,301.200005,2127.641648,1280.680005
2025-05-08,1,0,1,0,1,83352.0,18339.59,0.0,233.34,128.24,137.3859,90.3,1481.119368,75.615358,840.378677,8.228333,0.0,788.56,171.77,272.92,2405.341736,1233.25
2025-05-09,0,0,0,0,1,61566.0,16484.48,0.0,188.05,99.98,113.5554,90.93,1204.604365,243.052532,1228.443117,8.376922,0.0,720.73,160.48,281.18,2684.476936,1162.39
2025-05-10,0,0,0,0,1,67933.0,21932.8,0.0,254.96,108.08,117.681,90.46,1089.785833,248.248991,1730.058187,7.77782,0.0,768.48,162.14,290.34,3075.870831,1220.96
2025-05-11,0,0,0,0,1,96876.0,30417.92,0.0,300.23,109.59,145.7903,91.11,1222.480138,241.612843,1609.332023,9.226653,0.0,899.87,185.13,320.4,3082.651657,1405.4
2025-05-12,0,0,0,0,1,52774.0,19621.72,0.0,188.02,152.77,191.289,87.21,1165.581085,231.529459,1471.249262,7.515902,0.0,786.120002,172.7,300.690001,2875.875708,1259.510003
2025-05-13,0,0,0,0,1,56647.0,19362.69,0.0,227.02,164.68,204.4275,98.08,1215.003397,253.43411,1441.863797,8.350141,0.0,780.46,155.82,280.43,2918.651445,1216.71
2025-05-14,0,0,0,0,1,61808.0,23361.29,0.0,181.21,150.09,202.2141,97.81,1141.080438,207.184156,1377.28173,8.327931,0.0,820.09,170.57,302.470001,2733.874255,1293.130001
2025-05-15,0,0,0,0,1,70469.0,28071.5,0.0,201.85,154.93,198.8089,98.3,1357.900967,132.405029,1354.209266,9.527789,0.0,776.94,167.32,296.52,2854.043051,1240.78
2025-05-16,0,0,0,0,1,71571.0,24383.38,0.0,202.31,102.77,201.0367,97.79,1496.163942,129.653337,1473.898294,9.905467,0.0,1201.45,328.87,592.58,3109.62104,2122.9
2025-05-17,0,0,0,0,1,68820.0,31263.55,0.0,204.52,99.66,158.8587,97.87,1890.224471,128.99466,1832.447643,10.146583,0.0,1176.039999,371.05,677.96,3861.813357,2225.049999
2025-05-18,0,0,0,0,1,95595.0,36699.58,0.0,352.7,99.17,165.3353,97.69,1850.97295,123.223317,1484.761535,10.240587,0.0,1449.179999,423.32,775.54,3469.198389,2648.039999
2025-05-19,0,0,0,0,0,61210.0,30805.32,0.0,187.1,194.75,171.328,98.22,1682.10078,125.925108,1318.834268,8.25093,0.0,1323.79,402.59,746.269999,3135.111086,2472.649999
2025-05-20,1,0,0,0,0,81034.0,25654.26,0.0,288.13,152.27,133.7702,97.72,1781.161947,121.287327,1569.330077,7.405048,0.0,1347.790001,404.75,736.4,3479.184399,2488.940001
2025-05-21,0,0,0,0,0,67270.0,21565.98,0.0,247.28,170.5,164.6375,97.61,1886.764733,138.788,1640.063099,7.013084,0.0,1430.169999,417.64,756.939999,3672.628916,2604.749998
2025-05-22,0,0,0,0,0,61681.0,24388.25,0.0,237.58,144.52,197.1445,97.88,2181.986028,125.143547,1457.822593,7.351182,0.0,1470.44,411.26,747.37,3772.30335,2629.07
2025-05-23,0,0,0,0,0,63006.0,23091.53,0.0,261.28,133.97,224.4549,98.08,1992.893246,125.029585,1433.387915,4.673099,0.0,1232.37,396.97,726.49,3555.983845,2355.83
2025-05-24,0,0,0,0,0,67189.0,23328.58,0.0,243.66,110.45,195.5422,97.22,2007.181806,119.80797,1616.507411,3.863474,0.0,1335.55,427.46,781.99,3747.360661,2545.0
2025-05-25,0,0,1,0,0,84301.0,30529.52,0.0,299.11,123.35,314.6388,97.28,2594.640378,125.368961,1460.847311,4.62182,0.0,1529.94,433.81,792.45,4185.47847,2756.2
2025-05-26,0,0,0,0,0,51844.0,19905.98,0.0,141.33,152.49,299.9946,97.51,1884.599461,119.113501,1315.476287,4.204165,0.0,1396.2,418.11,764.42,3323.393414,2578.73
2025-05-27,0,0,0,0,1,62343.0,15860.34,0.0,231.86,186.23,294.1478,225.79,1712.201728,124.977987,1464.352292,5.020937,0.0,1396.25,410.23,748.42,3306.552944,2554.9
2025-05-28,0,0,0,0,1,46613.0,16769.01,0.0,177.58,157.12,247.3852,238.35,1423.808516,116.10286,1452.06489,4.067963,0.0,1324.59,408.86,745.590001,2996.044229,2479.040001
2025-05-29,0,0,1,0,1,72303.0,27979.49,0.0,279.21,103.04,193.4548,239.57,1386.519115,119.203739,1407.630286,6.686064,0.0,1275.58,397.560001,728.62,2920.039204,2401.760001
2025-05-30,0,0,0,0,1,63841.0,18571.78,0.0,241.53,95.25,145.8573,238.47,1463.987034,113.139705,1478.649601,8.710608,0.0,1347.289999,396.949999,730.3,3064.486948,2474.539998
2025-05-31,0,0,0,0,1,56209.0,16558.56,0.0,243.77,100.94,129.8518,238.97,1505.001301,106.231417,1946.634307,7.704511,0.0,1319.649999,418.39,761.2,3565.571536,2499.239999
2025-06-01,1,0,0,0,1,102460.0,30781.79,0.0,710.45,124.59,133.5082,285.32,1813.163319,128.629421,1790.656549,10.204034,0.0,1564.519995,445.09,802.150002,3742.653323,2811.759997
2025-06-02,0,0,0,0,0,51573.0,22093.49,0.0,423.15,144.11,171.2199,284.88,1509.27828,121.181962,1745.618376,8.876882,0.0,1433.990002,426.67,762.66,3384.9555,2623.320002
2025-06-03,0,0,0,0,0,54630.0,22950.76,0.0,808.53,144.83,163.6271,285.18,1373.963782,132.738389,1905.819564,10.222446,0.0,1314.759999,410.13,741.449998,3422.744181,2466.339997
2025-06-04,0,0,0,0,0,57523.0,21204.89,0.0,254.6204,163.5,163.39,284.7,1589.611649,131.870554,1810.084571,10.517684,0.0,1327.299999,405.87,744.62,3542.084458,2477.789999
2025-06-05,0,0,0,1,0,70469.0,21196.6,0.0,369.5583,224.28,200.08,285.84,1986.044987,139.601469,1909.51061,9.425818,0.0,1351.610002,403.53,737.939999,4044.582884,2493.080001
2025-06-06,0,0,0,1,0,63480.0,15783.26,0.0,251.1689,223.86,163.8224,285.11,1910.839207,126.955847,1835.660659,9.605737,0.0,1301.94,395.09,735.959998,3883.06145,2432.989998
2025-06-07,0,0,0,1,0,75557.0,21514.46,0.0,317.0837,217.06,169.3794,283.69,2386.685929,130.649651,1926.135542,8.575041,0.0,1292.699999,396.84,746.22,4452.046163,2435.759999
2025-06-08,0,0,1,1,0,75637.0,26445.43,0.0,305.8678,181.33,214.0751,285.26,2209.074655,122.816067,1500.433186,9.139884,0.0,1510.879998,446.24,802.3,3841.463792,2759.419998
2025-06-09,0,0,1,1,0,79699.0,32046.79,0.0,407.9555,145.83,236.5598,285.9,1828.619407,130.7303,1942.32962,9.922462,0.0,1361.500003,414.14,759.05,3911.601789,2534.690003
2025-06-10,0,0,0,1,0,54293.0,18669.81,0.0,395.8251,123.73,229.064,285.58,1231.38875,124.115497,1813.040514,9.916611,0.0,1385.909999,408.37,744.290001,3178.461372,2538.57
2025-06-11,0,0,0,1,0,59548.0,21545.86,0.0,370.3725,136.12,178.233,284.7,1292.410678,108.085275,1464.1204,9.631588,0.0,1303.12,360.1,660.909999,2874.247941,2324.129999
2025-06-12,0,0,0,1,0,53965.0,16051.46,0.0,174.7462,133.23,131.1958,281.89,1311.05487,107.678577,1442.26012,8.550106,0.0,1148.730002,325.26,632.060001,2869.543673,2106.050003
2025-06-13,0,0,0,1,0,53525.0,17974.42,0.0,216.0344,97.61,129.7267529,284.51,1142.414327,103.697753,1610.758135,10.699888,0.0,1162.649999,327.92,632.91,2867.570103,2123.479999
2025-06-14,0,0,0,1,0,53252.0,19039.25,0.0,197.4435,76.71,110.8304,285.27,1566.013495,116.315673,1720.869501,10.040513,0.0,952.69,323.17,637.87,3413.239182,1913.73
2025-06-15,1,0,1,1,1,225265.0,49816.12,0.0,612.1368,200.01,198.8289,284.31,2073.730067,109.490274,1605.144689,9.493027,0.0,1315.709999,366.22,701.16,3797.858057,2383.089999
2025-06-16,0,0,0,1,1,90119.0,27018.03,0.0,314.5526,197.36,178.0964,285.4,1488.092491,109.064333,1390.1979,8.491504,0.0,1256.100001,345.99,670.69,2995.846228,2272.780001
2025-06-17,0,0,0,1,1,85745.0,23696.72,0.0,293.6666,126.83,191.9846,284.76,1107.106831,104.666641,1047.984194,6.420245,0.0,1144.339999,322.6,623.44,2266.177911,2090.379999
2025-06-18,0,0,0,1,1,68894.0,23389.59,0.0,250.0243,143.15,167.5249,285.24,1104.486268,109.32117,1040.55442,5.747198,0.0,961.78,289.75,576.23,2260.109056,1827.76
2025-06-19,0,0,1,1,1,89829.0,27173.08,0.0,291.932,122.55,164.7691,285.05,1116.842248,112.039524,1088.532849,6.005519,0.0,929.78,251.85,489.83,2323.42014,1671.46
2025-06-20,0,0,0,1,1,69558.0,20894.14,0.0,199.0424,130.43,147.6479,283.99,1124.459104,107.542187,976.939377,5.244726,0.0,870.0,252.38,491.4,2214.185394,1613.78
2025-06-21,0,0,1,1,1,76650.0,22615.24,0.0,269.7362,65.75,148.5313,283.99,1136.794774,102.95257,1234.592684,5.317003,0.0,790.78,252.86,499.4,2479.657031,1543.04
2025-06-22,1,0,0,1,1,202166.0,40731.06,0.0,531.8142,94.64,219.2871,284.95,1184.041741,115.990532,1077.420395,7.354866,0.0,1120.63,290.44,566.06,2384.807534,1977.13
2025-06-23,0,0,0,0,1,52434.0,20037.0,0.0,264.3495,133.53,176.0746,288.03,1112.283795,97.186768,936.18031,7.212773,0.0,955.31,274.5,535.439999,2152.863646,1765.249999
2025-06-24,0,0,0,0,1,58505.0,18534.68,0.0,154.8573,95.86,160.5568,284.57,967.650236,100.911658,894.82295,5.432637,0.0,860.19,236.749999,459.33,1968.817481,1556.269999
2025-06-25,0,0,0,0,1,56412.0,20502.05,0.0,341.5687,114.82,144.8942,282.94,1003.607102,92.482877,798.610721,4.818562,0.0,777.920002,205.020001,411.869999,1899.519262,1394.810002
2025-06-26,0,0,0,0,1,46448.0,13847.02,0.0,193.5908,105.2,132.3351486,284.43,966.253713,96.22312,961.325038,4.84022,0.0,739.070004,199.840001,403.9,2028.642091,1342.810005
2025-06-27,0,0,0,0,1,35591.0,13301.56,0.0,138.7798,78.21,127.1806,282.37,968.430566,97.748136,744.136316,4.721502,0.0,681.940002,193.410002,402.710002,1815.03652,1278.060006
2025-06-28,0,0,0,0,1,52504.0,17712.31,0.0,213.3381,81.26,132.6883,281.42,979.155262,101.675911,787.190897,5.264522,0.0,651.14,200.579997,415.809998,1873.286592,1267.529995
2025-06-29,0,0,0,0,1,66402.0,24707.8,0.0,160.7986,97.46,181.8141,281.88,989.99224,90.257798,1059.298601,4.641971,0.0,862.020005,222.899998,445.070002,2144.19061,1529.990005
2025-06-30,0,0,0,0,1,45720.0,19053.97,0.0,279.365,103.21,165.2383,281.57,810.578093,80.013562,641.580785,2.962598,0.0,773.010003,207.240002,422.629999,1535.135038,1402.880004
2025-07-01,1,0,0,0,1,59181.64,16634.59,0.0,167.4184,195.27,140.619,281.25,1096.79014,126.15868,863.313422,7.613036,0.0,1028.549997,239.489999,417.389998,2093.875278,1685.429994
2025-07-02,0,0,0,0,1,49613.65,14505.32,0.0,117.0678,187.39,94.5882,93.98,967.626512,133.392022,1680.189368,9.199202,0.0,1138.259998,277.93,434.440001,2790.407104,1850.629999
2025-07-03,0,0,0,0,1,43200.73,13032.63,0.0,154.6803,198.57,57.4611,94.04,937.581924,147.258178,1242.301068,10.959551,0.0,1141.93,274.84,429.72,2338.100721,1846.49
2025-07-04,0,0,0,0,1,38651.75,14903.58,0.0,116.2123,124.04,36.8166,94.53,794.058802,141.388034,1298.726913,8.088275,0.0,1056.9,274.37,439.04,2242.262024,1770.31
2025-07-05,0,0,0,0,1,49435.81,16661.79,0.0,279.9963,101.17,41.6993,94.57,1231.772065,136.771039,1411.211688,8.924129,0.0,1029.100001,275.24,433.28,2788.678921,1737.620001
2025-07-06,0,0,0,0,1,73023.09,24117.1,0.0,224.6956,127.12,45.6026,94.35,1310.33897,132.432944,1224.654232,10.820395,0.0,1346.02,308.87,475.33,2678.246541,2130.22
2025-07-07,0,0,0,0,1,44638.83,17899.49,0.0,207.1726,143.9,38.4481,95.31,1088.283923,137.18694,1249.705138,8.582353,0.0,1144.74,283.27,449.28,2483.758354,1877.29
2025-07-08,0,0,0,0,1,51435.53,15859.02,0.0,205.6268,167.46,37.3346,94.65,912.276955,140.634369,1324.944479,6.604984,0.0,1117.9,278.01,439.33,2384.460787,1835.24
2025-07-09,0,0,0,0,1,43230.13,15499.23,0.0,126.9031,109.26,43.7251,208.58,779.58707,97.847461,1207.418541,5.068072,0.0,1128.57,362.01,591.2,2089.921144,2081.78
2025-07-10,1,0,0,0,1,79789.63,22544.59,0.0,214.1464,115.18,65.6617,209.12,829.460556,107.005823,1178.922085,3.292393,0.0,919.479999,376.390001,637.65,2118.680857,1933.52
2025-07-11,0,0,0,0,1,60251.23,16590.82,0.0,241.3631,104.34,95.4203,208.78,658.752457,104.885588,1226.359113,6.403838,0.0,894.17,376.21,639.22,1996.400996,1909.6
2025-07-12,0,0,0,0,1,51686.88,16039.57,0.0,212.931,59.78,116.0021,208.72,885.786484,99.431158,1347.496455,5.711216,0.0,831.35,379.52,653.61,2338.425313,1864.48
2025-07-13,0,0,0,0,1,76227.75,20137.03,0.0,299.8144,85.75,170.8705,208.77,1046.733719,98.473235,1277.785596,7.568642,0.0,1137.73,423.34,712.09,2430.561192,2273.16
2025-07-14,0,0,1,0,1,44627.76,15443.86,0.0,265.2994,92.43,253.1206,208.64,1090.562279,107.462213,1204.69381,7.206058,0.0,1050.62,404.600001,676.59,2409.92436,2131.810001
2025-07-15,0,0,0,0,1,60994.23,16907.93,0.0,298.54,104.46,320.7452,326.21,1299.520169,102.427842,1289.191797,5.095605,0.0,883.030001,313.66,526.1,2696.235413,1722.790001
2025-07-16,0,0,0,0,1,55222.01,15090.8,0.0,263.6651,138.03,256.6595,326.29,1778.904494,117.971496,1334.211227,5.399409,0.0,875.94,227.98,376.0,3236.486626,1479.92
2025-07-17,0,0,0,0,1,53131.73,16834.55,0.0,290.0971,102.37,231.1631,326.43,1086.29826,91.80907,1002.373819,5.126694,0.0,837.55,223.0,371.35,2185.607843,1431.9
2025-07-18,0,0,0,0,1,42117.99,15624.22,0.0,179.8733,107.72,161.4533,326.07,944.789447,84.294918,964.994084,4.332033,0.0,834.22,221.9,372.52,1998.410482,1428.64
2025-07-19,0,0,0,0,1,41405.95,17774.93,0.0,165.2649,67.4,109.2184099,326.76,966.445884,77.7145,857.934309,4.834008,0.0,771.0,225.95,380.6,1906.928701,1377.55
2025-07-20,0,0,0,0,1,61691.03,20354.6,0.0,265.4941,100.99,114.6868,325.62,954.580209,78.562858,1131.94199,4.973588,0.0,1021.07,249.22,411.44,2170.058645,1681.73
2025-07-21,0,0,0,0,1,50628.08,15917.0,0.0,207.9514,137.26,184.8568,325.91,762.644561,71.043576,665.837136,3.182317,0.0,888.29,232.92,390.279999,1502.70759,1511.489999
2025-07-22,1,0,0,0,1,95437.22,20812.04,0.0,279.0405,153.2,185.9594,327.58,786.91696,71.577277,848.561185,3.484363,0.0,888.43,295.64,402.489999,1710.539785,1586.559999
2025-07-23,0,0,0,0,1,56866.11,19916.94,0.0,142.4968,107.6,130.2794,326.02,722.713868,70.904976,764.711302,1.784512,0.0,879.27,337.42,406.3,1560.114658,1622.99
2025-07-24,0,0,0,0,1,46827.99,14616.36,0.0,112.4953,112.7,186.0804,325.58,790.367885,70.572117,934.789546,2.769965,0.0,852.31,332.06,403.06,1798.499513,1587.43
2025-07-25,0,0,0,0,1,45744.12,17928.54,0.0,177.059,101.76,290.6401,326.2,653.535491,71.777233,727.962196,2.127516,0.0,846.98,334.09,403.02,1455.402436,1584.09
2025-07-26,0,0,0,0,1,49034.24,19319.27,0.0,343.0732,76.05,246.4896,326.77,770.171047,66.122754,844.620812,2.591562,0.0,837.769998,342.220001,411.72,1683.506175,1591.709999
2025-07-27,0,0,0,0,1,68879.52,19683.28,0.0,331.9989,130.26,364.1065,325.35,776.346813,64.652398,757.586163,4.812153,0.0,1038.17,369.49,443.23,1603.397527,1850.89
2025-07-28,0,0,0,0,1,43253.06,15023.32,0.0,197.1249,111.59,283.8733,325.34,738.381099,65.511632,695.714768,4.273607,0.0,888.410001,347.77,419.78,1503.881106,1655.960001
2025-07-29,0,0,0,0,1,56476.29,17279.59,0.0,213.757,92.22,256.7575,325.65,684.602915,68.42687,813.62243,2.065521,0.0,880.190001,342.53,411.39,1568.717736,1634.110001
2025-07-30,0,0,0,0,1,43693.53,15315.08,0.0,140.0188,117.52,215.8936,322.96,691.166801,62.063386,694.553901,1.263299,0.0,925.77,341.6,411.22,1449.047387,1678.59
2025-07-31,1,0,0,0,1,76965.93,15702.26,0.0,382.5324,100.43,174.4783,326.48,646.842847,61.4677,795.42226,0.946414,0.0,859.19,338.25,408.55,1504.679221,1605.99
2025-08-01,0,0,1,0,1,43599.0,10286.03,0.0,192.3872,101.52,136.2383273,135.71,814.291837,121.07203,1015.263257,0.284071,0.0,845.24,336.03,408.57,1950.911195,1589.84
2025-08-02,0,0,0,0,1,43904.0,20102.68,0.0,191.9447,70.57,95.9893,94.35,914.567482,121.580787,1434.437716,0.304116,0.0,867.24,346.33,416.26,2470.890101,1629.83
2025-08-03,0,0,0,0,1,66767.0,21689.32,0.0,175.4896,110.75,111.0998,94.81,1430.106212,122.575386,1312.623388,0.114266,0.0,1017.25,370.23,443.1,2865.419252,1830.58
2025-08-04,0,0,0,0,1,38518.0,13594.2,0.0,193.6085,107.66,126.9105,95.19,1102.335196,116.917248,1237.928276,0.81515,0.0,934.8,347.12,417.41,2457.99587,1699.33
2025-08-05,0,0,0,0,1,45541.0,18144.69,0.0,122.1949,109.6,135.7438,94.54,1074.118421,113.243582,1314.742007,1.841188,0.0,870.480001,339.62,407.31,2503.945198,1617.410001
2025-08-06,0,0,0,0,1,41358.0,13340.36,0.0,89.2021,69.87,111.8769,94.29,1142.211394,118.616082,1241.323203,0.0096,0.0,922.170001,343.019999,413.42,2502.160279,1678.61
2025-08-07,0,0,0,0,1,39355.0,15762.18,0.0,122.4427,85.8,114.0687,94.26,1044.061951,112.292779,1249.642082,0.009847,0.0,842.640001,337.64,408.379999,2406.006659,1588.66
2025-08-08,0,0,0,0,1,36985.0,13375.39,0.0,64.4044,82.99,113.2883,94.04,1015.454938,118.254787,1181.056507,0.04331,0.0,867.93,338.13,410.81,2314.809542,1616.87
2025-08-09,0,0,0,0,1,34146.0,12670.37,0.0,150.0606,63.26,90.9845,94.5,937.214973,105.543435,1281.848291,0.036789,0.0,849.72,346.01,418.57,2324.643488,1614.3
2025-08-10,0,0,0,0,1,48451.0,16166.16,0.0,199.892,77.02,124.1727,94.43,914.899051,118.247715,1340.221247,0.356681,0.0,1000.02,370.07,443.86,2373.724694,1813.95
2025-08-11,0,0,0,0,1,44317.0,17432.71,0.0,119.6461,117.93,166.6685,94.69,807.823319,129.661791,1191.791805,0.004903,0.0,987.54,315.87,416.8,2129.281818,1720.21
2025-08-12,1,0,0,0,1,79799.0,15056.49,0.0,206.3466,110.38,161.4883,94.25,1263.510191,138.646305,1226.879297,0.009954,0.0,908.64,284.81,422.7,2629.045747,1616.15
2025-08-13,0,0,0,0,1,35703.0,9542.95,0.0,110.2415,107.46,191.8433,746.09,1060.980017,132.568198,1163.534708,0.0,0.0,863.08,283.28,422.51,2357.082923,1568.87
2025-08-14,0,0,0,0,1,36281.0,10651.12,0.0,69.561,66.32,221.0696,753.71,1014.387678,138.61501,1044.627471,0.0,0.0,862.52,279.62,418.81,2197.630159,1560.95
2025-08-15,0,0,1,0,1,31056.0,7552.99,0.0,46.5215,79.27,219.4273,757.44,964.607486,131.08265,1095.235547,0.434202,0.0,871.119999,281.19,419.35,2191.359885,1571.659999
2025-08-16,0,0,0,0,1,31592.0,12903.92,0.0,60.9529,60.12,200.9109,756.33,1116.754444,125.391444,1232.199488,0.33779,0.0,813.29,283.91,428.34,2474.683166,1525.54
2025-08-17,0,0,0,0,1,49832.0,14151.39,0.0,126.3013,71.53,224.7711,751.45,1094.083697,127.309972,1437.697626,2.68333,0.0,981.65,307.53,460.63,2661.774625,1749.81
2025-08-18,0,0,0,1,0,39397.0,12592.97,0.0,106.8608,113.13,283.2694,755.87,817.657075,133.907208,1329.717758,0.247362,0.0,930.54,292.12,438.11,2281.529403,1660.77
2025-08-19,0,0,0,1,1,69916.0,17477.24,0.0,122.7849,135.62,184.2533,752.75,866.839543,138.176497,1196.453242,0.058705,0.0,1002.04,286.89,429.12,2201.527987,1718.05
2025-08-20,0,0,0,1,1,57248.0,18328.42,0.0,84.7063,130.77,137.9331,752.82,834.889166,155.445385,601.642297,0.021276,0.0,802.12,284.44,426.44,1591.998124,1513.0
2025-08-21,0,0,0,1,1,59588.0,13427.46,0.0,119.2862,150.25,133.7907,752.48,819.877915,151.92018,575.248376,0.0,0.0,860.41,283.81,425.84,1547.046471,1570.06
2025-08-22,0,0,0,1,1,49293.0,16070.67,0.0,110.6663,118.77,198.9621,752.06,707.076723,169.15282,442.534397,0.015882,0.0,1051.189999,171.05,317.94,1318.779822,1540.179999
2025-08-23,0,0,0,1,1,46531.0,12790.81,0.0,150.2612,73.47,167.3691745,753.98,735.196419,162.942378,395.14941,1.354347,0.0,1008.04,134.76,289.24,1294.642554,1432.04
2025-08-24,1,0,0,1,1,93196.0,21033.78,0.0,271.0224,115.84,202.7127,751.43,762.181207,170.088776,469.014707,1.377584,0.0,1324.9,158.94,339.23,1402.662274,1823.07
2025-08-25,0,0,0,1,1,54139.0,13892.32,0.0,110.2179,125.55,289.8982,752.86,716.061032,171.211081,473.676107,0.111974,0.0,1166.220001,146.32,319.85,1361.060194,1632.390001
2025-08-26,0,0,0,1,1,52693.0,14542.43,0.0,354.2655,147.47,346.3684,752.55,702.294863,156.245013,399.697859,0.045543,0.0,1170.2,143.92,314.59,1258.283278,1628.71
2025-08-27,0,0,0,1,1,50574.0,14898.64,0.0,110.9849,149.37,353.9583,750.74,715.220885,147.750133,450.969493,0.02287,0.0,1162.750001,148.03,318.09,1313.963381,1628.870001
2025-08-28,0,0,0,1,1,48964.0,11937.12,0.0,272.934,147.88,331.4629,751.35,699.961283,148.039552,465.342587,0.0,0.0,1162.650002,143.83,314.99,1313.343422,1621.470002
2025-08-29,0,0,0,1,1,50154.0,14902.5,0.0,218.2705,141.55,253.0356,751.91,689.339282,204.67167,439.657031,0.041704,0.0,1060.089999,138.05,306.770001,1333.709687,1504.91
2025-08-30,1,0,0,1,1,52323.0,17496.55,0.0,243.0033,77.37,164.3,752.02,684.936676,189.080151,439.674001,0.165175,0.0,1198.970003,149.91,319.479999,1313.856003,1668.360002
2025-08-31,0,0,0,1,1,113114.0,22204.66,0.0,442.9661,135.02,240.5813,750.11,641.066956,111.13794,372.380611,0.100803,0.0,1361.26,163.77,338.63,1124.68631,1863.66
2025-09-01,0,0,0,0,0,60915.73,29119.65,5333.333333,308.5287,184.08,312.04,516.39,730.851974,163.233589,505.235383,0.140814,0.0,1178.509996,145.87,324.12,1399.46176,1648.499996
2025-09-02,0,0,0,0,0,52442.63,25013.39,0.0,186.3574,152.1,187.73,337.73,930.780149,194.030062,580.231924,0.031801,0.0,1140.420004,195.780001,350.460001,1705.073936,1686.660006
2025-09-03,0,0,0,0,0,44078.54,20160.94,1366.666667,146.6268,147.95,143.37,328.46,827.870363,153.808433,1332.033543,0.10852,0.0,1059.47,281.2,416.010001,2313.820859,1756.680001
2025-09-04,0,0,0,0,0,43399.4,18391.77,1216.666667,191.0243,155.08,146.99,326.58,870.737921,160.942058,1116.456571,0.008416,0.0,1138.140003,277.690001,411.53,2148.144966,1827.360004
2025-09-05,0,0,0,0,0,42735.66,15558.1,150.0,351.6341,136.15,146.7,329.94,753.003404,157.426033,1109.570499,0.083958,0.0,943.16,276.21,411.28,2020.083894,1630.65
2025-09-06,0,0,0,0,0,42205.17,15341.49,3283.333333,334.1052,87.02,109.49,326.29,1060.355198,138.917384,1123.834483,0.0905,0.0,928.320003,278.3,415.34,2323.197565,1621.960003
2025-09-07,0,0,0,0,0,49113.01,17649.89,0.0,317.6737,106.81,150.27,326.73,1287.866748,137.076608,1023.251103,0.144141,0.0,1161.26,304.44,446.35,2448.3386,1912.05
2025-09-08,0,0,0,0,0,40317.77,17388.93,466.6666667,147.8127,135.73,217.51,163.28,1018.50772,151.626457,1000.649542,0.198652,0.0,1061.56,282.3,412.66,2170.982371,1756.52
2025-09-09,0,0,0,0,1,48889.74,19104.97,0.0,233.3981,163.67,237.43,72.47,1109.631774,159.831165,1067.93656,0.009763,0.0,1082.689999,271.74,399.9,2337.409262,1754.329999
2025-09-10,0,0,0,0,1,36965.55,14083.29,0.0,228.7135,164.34,228.65,70.29,1081.154137,147.598764,1046.947683,0.00917,0.0,1053.26,270.759999,396.110001,2275.709754,1720.13
2025-09-11,1,0,0,0,1,57264.94,18051.71,233.3333333,188.6584,130.11,227.35,70.35,1059.07657,183.605447,1104.872348,0.136535,0.0,992.190003,267.429999,393.179999,2347.6909,1652.800001
2025-09-12,0,0,0,0,1,38979.49,13977.25,0.0,162.4152,142.48,183.07,73.85,896.225612,167.286775,1101.59655,0.008935,0.0,977.779999,263.719997,392.310002,2165.117872,1637.209998
2025-09-13,0,0,0,0,1,43291.79,19889.9,0.0,181.8557,106.29,126.38,70.28,1193.3671,164.581128,1104.169713,0.047198,0.0,863.700003,261.430001,395.44,2462.165139,1529.820004
2025-09-14,0,0,0,0,1,61734.03,21485.34,0.0,173.5721,163.63,155.29,70.95,977.748418,149.713113,994.418727,0.011872,0.0,1146.470004,292.589999,430.019999,2121.89213,1879.770002
2025-09-15,0,0,0,0,0,35009.07,14701.25,0.0,198.1692,150.24,174.51,72.38,940.949713,155.527735,1165.521757,0.031341,0.0,1001.569997,275.900001,412.29,2262.030546,1699.249998
2025-09-16,0,0,0,0,0,32802.74,12742.8,0.0,187.5669,126.84,145.57,70.28,1062.095989,147.833233,968.170927,0.036273,0.0,991.150002,287.519999,498.949999,2178.136422,1787.52
2025-09-17,0,0,0,0,0,30531.06,11901.93,0.0,98.6185,113.21,129.57,70.0,1010.452949,153.993319,945.714034,0.01814,0.0,816.03,300.409999,544.510001,2110.178442,1670.76
2025-09-18,0,0,0,0,0,35070.5,10378.35,0.0,199.4613,136.2,98.11,71.75,872.812512,142.856375,969.123762,0.125983,0.0,782.000001,298.299999,550.209999,1984.918632,1640.439999
2025-09-19,0,0,0,0,0,33071.65,15936.01,0.0,250.0184,120.96,83.94,70.13,813.165866,127.274992,1063.592646,0.134288,0.0,727.400001,296.250001,552.630001,2004.167792,1578.710003
2025-09-20,0,0,0,0,0,36910.12,10693.86,0.0,297.8851,70.13,59.0,70.58,964.899121,148.904686,1116.603558,0.327835,0.0,693.529999,296.29,548.169997,2230.7352,1537.989996
2025-09-21,0,0,0,0,0,52174.01,20017.37,0.0,288.9289,114.6,66.62,69.68,1183.288295,143.890129,983.617115,0.254753,0.0,952.209998,327.490001,598.789999,2311.050292,1878.489998
2025-09-22,0,0,0,0,0,40805.29,11128.46,0.0,268.4972,141.58,104.47,70.32,947.968911,180.295032,1042.949121,0.18553,0.0,944.23,308.009999,566.439999,2171.398594,1818.679998
2025-09-23,0,0,0,1,0,41000.09,12271.32,0.0,149.4175,195.01,106.58,69.59,1066.129642,171.811679,1148.533289,0.0,0.0,851.020002,307.670001,559.460002,2386.47461,1718.150005
2025-09-24,0,0,0,1,1,53676.06,16009.92,0.0,317.5793,178.16,111.26,69.64,1244.579835,174.680047,1226.133858,0.0,0.0,799.95,298.689998,554.88,2645.39374,1653.519998
2025-09-25,1,0,0,1,1,135776.77,23125.04,0.0,314.352,163.67,150.22,71.29,1302.560101,172.40585,1097.84178,0.14654,0.0,945.82,297.259999,551.690003,2572.954271,1794.770002
2025-09-26,0,0,0,1,1,92037.17,24226.59,0.0,496.5027,156.92,228.37,68.92,1253.216672,170.737636,1189.146848,0.007773,0.0,675.600001,299.04,550.120001,2613.108929,1524.760002
2025-09-27,0,0,0,1,1,87479.46,20063.18,0.0,328.2347,147.91,424.54,71.62,1298.783807,161.91302,1208.940306,0.083263,0.0,645.42,298.78,553.530001,2669.720396,1497.730001
2025-09-28,0,0,0,1,1,121562.05,29387.71,0.0,590.059,94.05,812.23,69.34,1331.139107,167.464462,1061.566467,0.134053,0.0,970.600002,330.47,603.25,2560.304089,1904.320002
2025-09-29,0,0,0,1,1,76812.45,19526.02,0.0,230.0882,132.67,1006.45,67.12,947.145616,155.999538,1024.795032,0.0,0.0,862.780004,284.500001,513.76,2127.940186,1661.040005
2025-09-30,0,0,0,1,1,79543.36,19793.82,0.0,299.189,183.18,924.03,66.77,612.500443,146.045891,1047.237468,0.0,0.0,824.339999,313.030002,577.84,1805.783802,1715.210001
2025-10-01,0,0,0,1,1,58271.0,15640.63,0.0,268.54,134.99,371.9923383,135.81,1150.199384,154.752923,1109.771178,0.03837,0.0,812.390002,249.730001,460.72,2414.761855,1522.840003
2025-10-02,0,0,0,1,1,67320.0,22883.49,0.0,323.08,88.94,283.2757854,280.41,1186.341915,279.174958,1360.296796,0.026985,0.0,840.049999,148.779998,260.859998,2825.840654,1249.689995
2025-10-03,0,0,1,1,1,76098.0,28071.43,0.0,322.1,115.86,253.0080591,278.87,1313.545921,284.366979,2132.405475,0.031647,0.0,998.39,284.189999,481.59,3730.350022,1764.169999
2025-10-04,0,0,0,1,1,67804.0,20855.92,0.0,248.01,122.59,229.83,281.58,1526.035106,293.773138,1915.062213,0.0,0.0,857.01,284.840001,484.42,3734.870457,1626.270001
2025-10-05,0,0,0,1,1,120726.0,33095.65,0.0,395.73,125.41,243.7544423,279.12,2420.508006,309.224899,1938.314773,0.0,0.0,1074.590002,312.79,522.729999,4668.047678,1910.110001
2025-10-06,0,0,0,1,1,65845.0,21426.04,0.0,294.89,153.08,273.9960062,279.41,1916.379068,276.540338,1453.582027,0.0,0.0,982.53,300.020002,507.39,3646.501433,1789.940002
2025-10-07,0,0,0,1,1,60791.0,18730.82,0.0,266.27,148.86,254.7841058,280.56,2145.741464,289.243855,2172.881927,0.0,0.0,974.529999,292.84,496.610001,4607.867246,1763.98
2025-10-08,0,0,0,1,1,73755.0,27506.21,0.0,323.89,131.6,242.7616397,279.24,2182.522062,286.049778,2023.751919,0.0,0.0,1010.720001,292.920002,492.250001,4492.323759,1795.890004
2025-10-09,1,0,0,1,1,101610.0,20929.13,0.0,726.17,137.68,250.5278075,278.67,1957.772834,286.531327,1836.37968,0.232223,0.0,952.749998,289.340001,488.969999,4080.916064,1731.059998
2025-10-10,0,0,0,1,1,67594.0,21162.93,0.0,325.53,123.7,233.3740739,280.9,1558.322717,243.604234,1504.518193,0.047374,0.0,1058.78,277.97,473.09,3306.492518,1809.84
2025-10-11,0,0,0,1,1,75475.0,19395.15,0.0,354.6,96.56,220.733392,279.5,1693.85021,253.177546,1788.521281,0.068697,0.0,776.840002,279.310001,467.9,3735.617734,1524.050003
2025-10-12,0,0,0,1,1,148061.0,32913.0,0.0,668.01,148.09,259.0278079,278.77,1696.425437,248.463865,1679.714517,0.025149,0.0,1100.42,313.700001,532.22,3624.628968,1946.340001
2025-10-13,0,0,0,0,0,36836.0,12640.87,0.0,140.9,125.33,259.3313124,279.8,1528.71851,271.521394,1497.955043,0.0,0.0,982.669999,301.819999,509.449999,3298.194947,1793.939997
2025-10-14,0,0,0,0,1,45468.0,16470.89,0.0,245.22,139.23,277.6902628,278.37,1532.604717,248.386455,1717.744929,0.0,0.0,1023.090002,295.649999,494.709998,3498.736101,1813.449999
2025-10-15,0,0,0,0,1,44024.0,13830.01,0.0,337.85,130.69,234.8304838,278.93,1322.299031,247.68266,1528.294976,0.029093,0.0,966.580002,299.63,492.940001,3098.30576,1759.150003
2025-10-16,0,0,0,0,1,54446.0,16722.08,0.0,200.5,123.36,224.695136,278.76,1199.989831,251.461553,1621.106263,0.009723,0.0,969.11,288.349999,488.699998,3072.56737,1746.159997
2025-10-17,0,0,0,0,1,42071.0,12821.63,0.0,212.29,109.95,227.9330041,278.8,1523.576148,229.246435,1550.798624,0.045452,0.0,937.249999,286.090002,486.279999,3303.666659,1709.62
2025-10-18,0,0,0,0,1,45416.0,15068.67,0.0,254.41,99.53,207.909422,279.14,1597.169771,233.150958,1709.746304,0.0,0.0,923.469999,286.120001,488.7,3540.067033,1698.29
2025-10-19,0,0,0,0,1,72403.0,24509.95,0.0,211.75,96.0,235.8701079,278.33,1958.090275,288.358312,1757.078733,0.0,0.0,1134.360001,317.710001,531.689999,4003.52732,1983.760001
2025-10-20,0,0,0,0,1,43826.0,16030.15,0.0,147.52,120.17,277.725466,278.87,1453.031885,262.370458,1451.132242,0.0,0.0,979.690004,301.82,509.08,3166.534585,1790.590004
2025-10-21,0,0,0,0,1,52221.0,15108.25,0.0,200.87,168.62,268.6393506,281.35,1658.718318,261.651581,1516.3727,0.0,0.0,1019.310001,293.61,495.929999,3436.742599,1808.85
2025-10-22,0,0,0,0,1,45486.0,12771.95,0.0,361.31,159.68,233.6824001,280.25,1412.365383,261.311318,1398.504534,0.021414,0.0,949.030002,292.88,491.120001,3072.202649,1733.030003
2025-10-23,1,0,0,0,1,60038.0,12936.03,0.0,261.72,153.36,230.3394077,281.59,1318.142666,250.972727,1494.195117,0.00861,0.0,938.0,291.53,489.18,3063.31912,1718.71
2025-10-24,0,0,0,0,1,44461.0,12238.92,0.0,150.43,143.84,177.5670165,277.86,1119.931279,234.146697,1332.108756,0.017478,0.0,924.450002,286.87,486.559998,2686.20421,1697.88
2025-10-25,0,0,0,0,1,55845.0,16934.53,0.0,228.01,110.93,134.1904793,278.08,1352.003523,240.148928,1495.171925,0.043576,0.0,935.25,287.53,489.39,3087.367952,1712.17
2025-10-26,0,0,1,0,1,94774.0,23350.45,0.0,550.34,184.71,145.8029068,276.45,1610.506084,247.022693,1548.005015,0.0,0.0,1122.41,323.44,535.96,3405.533792,1981.81
2025-10-27,0,0,0,0,0,43616.0,18867.06,0.0,205.1,182.22,219.2086042,276.65,1350.28651,239.339567,1360.753624,0.0,0.0,1013.170001,301.33,507.190001,2950.379701,1821.690002
2025-10-28,0,0,0,0,0,49822.0,17966.04,0.0,152.02,203.22,249.2663863,276.52,1359.672974,219.284203,1325.205253,0.0,0.0,988.32,292.92,495.8,2904.16243,1777.04
2025-10-29,0,0,0,0,0,59613.0,11836.31,0.0,283.55,158.08,196.0453223,277.44,1641.722956,215.324322,1284.951512,0.009617,0.0,969.280002,290.530001,490.640001,3142.008407,1750.450004
2025-10-30,0,0,0,0,0,72216.0,14416.08,0.0,396.87,208.23,212.2563833,278.53,1879.224994,228.691979,1287.203527,0.019761,0.0,953.650001,291.52,487.210001,3395.140261,1738.300002
2025-10-31,0,0,0,0,0,64138.0,17705.68,3333.33,462.63,215.85,258.2003509,271.44,1590.725239,224.539324,1358.717345,0.020615,0.0,913.880001,285.18,484.88,3174.002523,1692.57
2025-11-01,0,0,1,1,0,89346.0,28681.38,1300.0,642.53,158.41,206.5635392,283.66,1637.052105,253.605723,1641.894238,0.061242,0.0,919.449999,286.8,491.320001,3532.613308,1706.58
2025-11-02,0,0,0,1,0,102598.0,27133.51,3800.0,400.75,160.11,191.864108,289.99,1643.031512,253.318529,1856.274791,0.0,0.0,1143.999999,319.69,530.92,3752.624832,2005.079999
2025-11-03,0,0,0,1,0,64594.0,20840.95,0.0,265.58,173.45,189.9771948,284.87,1623.712279,254.36721,1588.146409,0.032685,0.0,982.610004,301.510001,508.05,3466.258583,1802.000005
2025-11-04,0,0,0,1,0,60695.0,15640.57,0.0,408.5,155.47,148.0558681,168.5,1606.400773,265.921662,1467.687309,0.028808,0.0,1156.900002,284.46,408.74,3340.038552,1859.840002
2025-11-05,0,0,0,1,0,40901.0,12516.65,2750.0,273.62,148.9,128.4171083,169.72,1456.551974,268.145684,1426.991007,0.200481,0.0,1104.870002,258.46,283.599999,3151.889146,1656.830001
2025-11-06,1,0,0,1,1,121946.0,22198.72,0.0,658.19,139.08,154.7434282,170.14,1808.69559,285.239373,1778.491386,0.61558,0.0,1181.49,256.62,281.47,3873.041929,1724.11
2025-11-07,0,0,0,1,1,89995.0,24996.56,2750.0,525.25,99.09,143.0222243,175.55,1677.049276,275.415905,2080.601909,1.728554,0.0,992.58,257.449998,282.29,4034.795644,1532.319998
2025-11-08,0,0,0,1,1,102542.0,26187.26,0.0,672.48,109.44,119.3631853,168.37,2156.878304,312.929748,2564.785535,2.969132,0.0,990.489999,259.839999,289.52,5037.562719,1539.849998
2025-11-09,1,0,0,1,1,214958.0,41970.47,0.0,1642.12,154.65,163.0965001,167.85,3016.814745,271.747274,2799.868059,2.288982,0.0,1245.469999,278.11,300.35,6090.71906,1823.929999
2025-11-10,0,0,0,1,1,125940.0,27187.23,0.0,578.65,178.02,188.177796,169.63,2027.964151,288.277898,2128.174566,0.905758,0.0,1106.289997,268.01,291.78,4445.322373,1666.079997
2025-11-11,0,0,1,1,1,138528.0,32677.71,0.0,761.4,190.59,156.6726545,168.27,2373.068425,317.115857,2014.04579,1.228832,0.0,1206.56,264.609998,286.82,4705.458904,1757.989998
2025-11-12,0,0,0,0,0,25588.0,9715.28,0.0,222.68,144.3,170.86868,145.95,1259.853096,231.765582,1296.653097,0.926636,0.0,1778.010003,355.39,407.950002,2789.198411,2541.350005
2025-11-13,0,0,0,0,0,27976.0,7651.71,0.0,234.58,146.43,149.8293069,144.58,1295.27523,229.458338,1220.482837,0.964185,0.0,1692.6,384.189996,460.64,2746.18059,2537.429996
2025-11-14,0,0,0,0,0,32349.0,13021.77,0.0,240.5,119.23,135.3484559,145.13,1362.578698,221.696489,1218.948585,1.182788,0.0,1726.759998,390.48,460.380001,2804.40656,2577.619999
2025-11-15,0,0,0,0,0,36842.0,15513.83,0.0,236.2,102.9,78.60128198,144.7,1379.59033,231.632168,1284.580984,1.441662,0.0,1701.889998,396.93,469.83,2897.245144,2568.649998
2025-11-16,0,0,0,0,0,36626.0,14535.96,0.0,231.86,133.43,133.6334034,146.47,1456.592988,213.620916,1466.041663,1.871912,0.0,2143.879999,451.19,518.27,3138.127479,3113.339999
2025-11-17,0,0,0,0,0,35620.0,9519.22,0.0,161.13,171.02,170.4216628,143.75,1135.840171,212.406314,958.314085,0.932397,0.0,1837.270005,426.999998,492.21,2307.492967,2756.480003
2025-11-18,0,0,0,0,0,30791.0,14531.45,0.0,423.32,217.22,132.4631308,144.48,1138.913257,217.277643,1198.848395,1.367295,0.0,2098.339999,440.049999,522.519998,2556.40659,3060.909996
2025-11-19,0,0,0,0,0,29137.0,12933.25,0.0,286.77,202.06,108.3791985,144.17,1162.569592,214.392065,1231.012836,0.904595,0.0,2005.870001,434.35,510.03,2608.879088,2950.250001
2025-11-20,0,0,0,0,0,33005.0,10432.51,0.0,476.2,210.97,77.35184511,147.08,1159.192135,207.958294,1013.562579,5.043932,0.0,2028.090002,436.98,512.25,2385.75694,2977.320002
2025-11-21,0,0,0,0,0,34484.0,14703.2,0.0,188.59,147.76,50.93561144,147.16,1149.55273,193.129144,1106.936994,3.427298,0.0,1967.530004,428.67,507.640002,2453.046166,2903.840006
2025-11-22,0,0,0,0,0,55157.0,13825.1,0.0,249.4,131.94,38.37887154,143.02,1094.294442,137.419238,1365.66245,9.784717,0.0,1725.36,428.090001,519.050001,2607.160847,2672.500002
2025-11-23,1,1,0,0,1,265947.0,58456.27,0.0,1264.5,204.31,67.23520314,143.71,1353.326738,199.593141,1447.960982,10.679573,0.0,2749.029999,491.840001,564.8,3011.560434,3805.67
2025-11-24,0,1,0,0,1,113999.0,35444.66,0.0,524.93,279.15,126.4273233,144.89,1122.748098,166.86631,974.678762,13.136918,0.0,1920.980001,454.68,534.479998,2277.430088,2910.139999
2025-11-25,0,1,0,0,1,98567.0,26860.52,0.0,728.65,222.84,167.2913887,143.02,1077.268213,204.66565,1142.611274,16.36547,0.0,1932.869999,440.14,520.820001,2440.910607,2893.83
2025-11-26,0,1,0,0,1,106042.0,31140.77,0.0,805.07,202.71,189.8371717,142.21,1369.477211,195.073858,1171.016265,18.205141,0.0,1915.349998,429.720001,514.990001,2753.772475,2860.06
2025-11-27,0,1,0,0,1,94382.0,30126.34,0.0,397.19,209.19,189.5879888,144.24,1427.552496,177.507591,1187.143961,10.85072,0.0,1881.290001,433.68,511.57,2803.054768,2826.540001
2025-11-28,1,1,0,0,1,289548.0,76933.43,0.0,1287.26,313.38,209.8508742,140.96,1785.508628,312.629649,2573.210555,5.597409,0.0,3675.000002,684.45,769.07,4676.946241,5128.520002
2025-11-29,0,1,0,0,1,158392.0,56753.75,0.0,871.73,159.74,223.7631057,140.65,1925.35094,597.461596,2859.016937,0.80075,0.0,3709.840004,875.279998,1122.26,5382.630223,5707.380002
2025-11-30,1,1,0,0,1,287538.0,86734.11,0.0,1033.15,258.84,219.7484312,140.27,2608.254766,570.850465,4120.141199,2.619932,0.0,4948.210001,1022.019999,1179.85,7301.866362,7150.08
2025-12-01,0,1,0,0,1,139908.0,43965.83,0.0,895.31,244.84,186.5162026,160.51,2031.284347,548.786091,3211.145231,7.53853,0.0,2598.92,623.21,696.25,5798.754199,3918.38
2025-12-02,0,0,0,0,0,28098.0,10432.54,0.0,185.31,196.1,156.2568533,159.98,1252.414104,357.162207,1468.705093,7.9466,0.0,1718.73,431.78,524.98,3086.228004,2689.33
2025-12-03,0,0,0,0,0,31856.0,12707.27,0.0,215.17,191.85,141.8787285,111.45,1352.282433,426.970532,1949.947631,224.85538,0.0,1569.85,450.85,300.32,3954.055976,2333.42
2025-12-04,0,0,0,0,0,32322.0,12045.14,0.0,126.07,162.95,142.6101947,110.15,1324.033911,422.984282,1853.644739,20.317063,0.0,1879.379998,507.539999,316.659999,3620.979995,2717.869996
2025-12-05,0,0,0,0,0,34364.0,13540.75,0.0,186.39,188.1,140.1390703,110.9,989.988688,467.449397,1756.007464,16.727321,0.0,1754.09,505.04,316.839998,3230.17287,2590.559998
2025-12-06,0,0,0,0,0,43917.0,15082.72,0.0,256.29,165.28,109.72122,109.4,1264.530841,422.430056,2257.780297,18.369121,0.0,1720.260003,514.37,324.53,3963.110315,2574.020003
2025-12-07,0,0,0,0,0,50733.0,17129.7,0.0,191.17,162.12,169.1991701,110.22,1291.221462,391.990758,2112.26691,16.165427,0.0,2126.700004,572.539996,350.169999,3811.644557,3060.039999
2025-12-08,0,0,1,0,0,49260.0,18569.77,0.0,147.5,188.82,202.0422393,110.24,1052.076622,490.324477,1956.456741,15.913218,0.0,1824.890001,530.390001,330.609999,3514.771058,2695.860001
2025-12-09,0,0,0,0,0,43300.0,15447.07,0.0,332.62,184.7,129.6856594,109.35,928.820435,391.64193,1456.967948,16.087884,0.0,1656.59,469.08,310.17,2793.518197,2442.15
2025-12-10,0,0,0,0,0,45995.0,15821.6,0.0,302.45,172.47,81.56557041,111.26,1233.2035,115.650101,931.171493,3.595381,0.0,194.579999,41.01,44.630001,2283.620475,280.22
2025-12-11,0,0,0,0,0,49260.0,15272.19,0.0,297.19,213.16,55.3600619,109.66,1088.562068,115.897868,956.994489,7.319944,0.0,103.05,25.55,24.329999,2168.774369,152.929999
2025-12-12,0,0,0,0,1,59739.0,13481.16,0.0,932.38,135.07,52.66672236,110.58,1069.932413,116.100883,1051.695836,12.680158,0.0,99.969998,23.38,24.08,2250.40929,147.429998
2025-12-13,0,0,0,0,1,36475.0,13155.75,0.0,207.51,118.78,50.6245611,109.5,1374.037082,109.729048,1029.079376,9.587658,0.0,73.36,23.52,24.6,2522.433164,121.48
2025-12-14,1,0,0,0,1,89048.0,19529.73,0.0,442.35,211.35,81.99394851,109.6,1673.857617,95.516526,1189.780022,14.603231,0.0,112.61,29.42,27.29,2973.757396,169.32
2025-12-15,0,0,0,0,1,53893.0,17616.04,0.0,447.99,147.07,187.027052,109.08,1285.789244,108.296351,1035.342047,17.339896,0.0,107.31,24.85,25.49,2446.767538,157.65
2025-12-16,0,0,0,0,1,45081.0,15814.59,0.0,213.65,142.83,186.9786859,109.93,1001.942354,72.15789,609.385082,36.275823,0.0,123.08,24.84,50.36,1719.761149,198.28
2025-12-17,0,0,0,0,1,44291.0,13469.5,0.0,173.23,148.2,195.9734672,109.48,985.244724,62.593445,515.067079,4.088243,0.0,170.04,26.89,91.49,1566.993491,288.42
2025-12-18,0,0,0,0,1,28061.0,9309.83,0.0,104.05,94.19,205.4917038,108.93,939.988426,59.32411,538.065323,0.854199,0.0,161.919999,26.23,92.0,1538.232058,280.149999
2025-12-19,0,0,0,0,1,30501.0,10192.17,0.0,111.68,104.03,184.5805001,108.96,897.965299,55.594229,573.047765,1.893339,0.0,167.5,26.52,91.28,1528.500632,285.3
2025-12-20,0,0,0,0,1,26483.0,9652.94,0.0,140.44,85.86,98.10569684,109.49,1111.552327,74.831013,642.440531,1.781579,0.0,141.170001,25.56,92.47,1830.60545,259.200001
2025-12-21,0,0,0,0,1,29169.0,12425.01,0.0,215.22,117.12,87.24004174,117.04,904.190677,61.112237,511.662664,5.547928,0.0,189.08,30.07,100.49,1482.513506,319.64
2025-12-22,0,0,0,0,1,20952.0,7597.25,0.0,105.1,112.88,75.57922985,110.28,554.830841,37.979482,298.327892,3.317213,0.0,130.450001,26.77,93.86,894.455428,251.080001
2025-12-23,0,0,0,0,1,17690.0,6185.46,0.0,92.91,68.8,66.48390243,108.17,514.742531,39.2298,303.398867,1.843306,0.0,113.22,26.89,92.370001,859.214504,232.480001
2025-12-24,0,0,0,0,1,16478.0,4002.47,0.0,70.25,29.43,30.86036379,110.84,465.855092,33.820598,288.310555,0.456294,0.0,103.28,25.08,90.74,788.442539,219.1
2025-12-25,0,0,1,0,1,18790.0,7142.97,0.0,105.89,74.45,38.786749,107.74,601.101611,36.021057,400.863204,0.423208,0.0,119.46,27.41,90.79,1038.40908,237.66
2025-12-26,0,0,1,0,1,25468.0,5518.16,0.0,79.97,62.24,60.15642951,108.51,662.104763,36.736201,311.833761,5.705439,0.0,100.54,26.57,90.570001,1016.380164,217.680001
2025-12-27,0,0,0,0,1,30755.0,8685.71,0.0,155.98,52.02,110.8349473,106.95,568.70026,37.337629,335.971149,9.567545,0.0,99.55,26.05,92.180001,951.576583,217.780001
2025-12-28,0,0,0,0,1,41805.0,12336.75,0.0,239.94,93.65,224.9448538,110.45,580.139907,35.494788,344.308255,7.454309,0.0,131.96,29.4,100.12,967.397259,261.48
2025-12-29,0,0,0,0,1,29916.0,12034.99,0.0,159.52,125.89,244.9224661,106.26,260.462328,17.313437,147.927982,5.672626,0.0,64.61,16.2,54.82,431.376373,135.63
2025-12-30,0,0,0,0,1,33390.0,10939.6,0.0,131.35,130.51,226.047968,106.34,257.162366,16.113411,155.992159,4.12852,0.0,53.09,11.59,41.02,433.396456,105.7
2025-12-31,0,0,0,0,1,20614.0,7463.83,0.0,89.48,61.99,145.2506729,104.75,229.027737,11.940699,88.734024,3.683652,0.0,46.08,11.31,39.39,333.386112,96.78
2026-01-01,1,0,1,0,1,55678.0,9851.39,0.0,241.62,77.3,189.8472,114.44,268.692917,17.298356,234.872047,3.084271,0.0,58.29,12.39,41.35,523.947591,112.03
2026-01-02,0,0,0,0,1,35743.0,10986.21,0.0,130.95,128.86,177.8275,114.1,249.432369,21.143071,147.12624,4.196723,0.0,49.31,12.31,41.37,421.898403,102.99
2026-01-03,0,0,0,0,1,38649.0,11781.35,0.0,200.13,75.51,122.0024,113.09,265.811016,18.22211,131.452468,5.175971,0.0,38.11,11.16,41.99,420.661565,91.26
2026-01-04,0,0,0,0,1,58458.0,16692.72,0.0,267.47,99.45,93.6776,113.12,255.34408,15.990711,128.237581,6.675063,0.0,58.4,13.2,46.12,406.247435,117.72
2026-01-05,0,0,0,0,1,34574.0,14014.77,0.0,257.62,83.88,126.4773,149.46,721.028226,127.269242,477.779233,4.98724,0.0,468.61,109.57,361.239999,1331.063941,939.419999
2026-01-06,0,0,1,0,1,68601.0,19325.01,0.0,257.2,110.22,103.504,149.69,670.725654,133.740301,1755.689026,6.932634,0.0,709.749997,156.529998,511.070001,2567.087615,1377.349996
2026-01-07,0,0,0,0,1,55227.0,18242.65,0.0,178.85,109.22,89.6538,149.11,764.483998,134.313785,1434.733288,8.582131,0.0,651.39,155.34,506.529999,2342.113202,1313.259999
2026-01-08,0,0,0,0,1,41387.0,14781.53,0.0,145.23,91.12,76.7602,149.57,959.966194,103.907404,953.375981,4.142005,0.0,464.65,112.929999,340.41,2021.391584,917.989999
2026-01-09,0,0,0,0,1,40889.0,13653.25,0.0,244.09,103.11,79.2218,148.86,1021.18999,100.445824,1001.870604,8.201561,0.0,354.709999,85.55,307.259999,2131.707979,747.519998
2026-01-10,0,0,0,0,1,42191.0,15956.85,0.0,291.3,84.85,55.4972,149.01,1334.177954,112.84779,961.689579,6.505083,0.0,326.340001,86.22,314.85,2415.220406,727.410001
2026-01-11,0,0,0,0,1,62002.0,22155.16,0.0,227.55,104.64,68.5285,149.89,1472.069055,92.843738,940.235315,9.633478,0.0,436.67,102.680001,351.97,2514.781586,891.320001
2026-01-12,0,0,0,0,1,46106.0,17930.5,0.0,177.71,125.83,101.7732,148.8,1006.072676,95.741074,894.40272,8.178458,0.0,427.9,99.63,331.95,2004.394928,859.48
2026-01-13,0,0,0,0,1,37852.0,15150.6,0.0,193.87,102.67,72.4412,148.99,1058.937725,87.890944,873.740174,6.299456,0.0,401.76,95.209999,318.92,2026.868299,815.889999
2026-01-14,0,0,0,0,1,36327.0,14104.22,0.0,229.06,162.59,69.9285,149.3,1208.001687,123.524231,1037.635436,5.750715,0.0,387.419999,94.54,224.01,2374.912069,705.969999
2026-01-15,0,0,0,0,1,63926.0,21129.64,0.0,248.5,119.9,81.0075,150.19,1254.01055,118.917613,933.231394,6.096777,0.0,386.45,94.96,389.369999,2312.256334,870.779999
2026-01-16,0,0,0,0,1,51720.0,18904.42,0.0,264.74,117.32,89.7583,148.63,1215.166881,104.633244,999.394841,7.009575,0.0,349.78,91.07,359.35,2326.204541,800.2
2026-01-17,0,0,0,0,1,51643.0,16816.44,0.0,234.25,109.31,90.8236,148.39,1709.736783,116.302638,1009.643171,5.35532,0.0,366.65,93.24,313.430002,2841.037912,773.320002
2026-01-18,0,0,0,0,1,91678.0,31183.59,0.0,423.6,150.39,101.3658,147.38,1774.148606,94.822336,890.543689,4.271729,0.0,476.6,109.37,352.800002,2763.78636,938.770002
2026-01-19,0,0,0,0,1,40680.0,17921.38,0.0,195.25,146.83,119.9504,148.55,1356.409706,94.225805,918.315087,3.821562,0.0,404.58,96.599999,334.239999,2372.77216,835.419998
2026-01-20,0,0,0,0,1,43505.0,19251.37,0.0,205.42,154.98,88.4888,148.73,1248.519411,97.340319,1001.154622,3.043728,0.0,385.609999,96.25,322.890001,2350.05808,804.75
2026-01-21,0,0,0,0,1,42588.0,17067.44,0.0,164.32,132.53,90.4105,75.92,1514.349601,111.287084,980.7963,1.805522,0.0,390.180001,83.62,320.23,2608.238507,794.030001
2026-01-22,1,0,0,0,1,79653.0,12612.28,0.0,300.35,131.04,93.2987,58.5,1862.310191,293.526475,1064.175718,0.306035,0.0,414.890002,97.88,317.939999,3220.318419,830.710001
2026-01-23,0,0,0,0,1,54801.0,18465.14,0.0,317.18,114.02,82.1596,59.6,1427.873878,240.66043,1117.250173,0.72243,0.0,343.25,94.62,205.74,2786.506911,643.61
2026-01-24,0,0,0,0,1,59150.0,19467.37,0.0,321.78,121.25,80.267,58.44,2340.392022,369.132658,1089.323706,1.441797,0.0,336.4,93.44,0.0,3800.290183,429.84
2026-01-25,0,0,0,0,1,103103.0,27629.29,0.0,653.66,190.24,95.985,58.44,2496.068108,307.639521,1125.65988,1.158123,0.0,451.13,106.9,0.0,3930.525632,558.03
2026-01-26,0,0,0,0,1,43033.0,16659.97,0.0,236.83,161.39,102.7545,60.42,1601.986234,268.398665,967.021832,5.331926,0.0,620.78,107.44,0.0,2842.738657,728.22
2026-01-27,0,0,0,0,1,56359.0,19164.9,0.0,274.0,141.37,94.9713,59.29,1362.576838,278.353138,990.035305,5.599882,0.0,1063.710001,142.859999,224.99,2636.565163,1431.56
2026-01-28,0,0,0,0,1,52691.0,24333.0,0.0,277.37,175.33,94.5867,58.34,1703.13194,315.948949,1152.11256,4.09401,0.0,1227.080002,190.88,345.17,3175.287459,1763.130002
2026-01-29,0,0,0,0,1,56850.0,17095.88,0.0,231.06,139.03,85.1326,57.88,1292.455967,251.411821,981.233317,2.217993,0.0,1196.020002,207.35,342.53,2527.319098,1745.900002
2026-01-30,0,0,0,0,1,54081.0,20021.62,0.0,218.13,87.35,83.4112,57.15,1732.384998,245.056451,989.865698,2.050177,14.738953,1126.800001,198.61,342.1,2984.096277,1667.510001
2026-01-31,0,0,0,0,1,58368.0,20709.28,0.0,295.04,83.66,80.7275,56.72,2028.853408,245.402131,997.108648,3.098458,15.965054,982.090001,202.17,351.67,3290.427699,1535.930001
2026-02-01,0,0,0,0,1,101823.0,35802.51,0.0,435.97,104.74,111.493359,126.0,1802.237907,331.011639,1169.051225,5.254457,19.379277,1407.97,229.88,377.72,3326.934505,2015.57
2026-02-02,0,0,0,0,1,47827.0,20268.91,0.0,195.21,135.93,121.7932,125.32,1615.76511,257.067838,1050.139617,11.748828,20.964279,1085.660001,248.06,335.95,2955.685672,1669.670001
2026-02-03,0,0,0,0,1,60002.0,22074.05,0.0,397.56,144.47,110.339,125.27,1477.663625,278.091332,1219.30663,8.284171,18.239696,951.220001,264.049999,313.66,3001.585454,1528.93
2026-02-04,0,0,0,0,1,45432.0,20159.76,0.0,171.16,84.75,95.0629,124.94,1517.244821,299.140141,1150.576269,3.641396,18.805889,873.23,256.98,313.54,2989.408516,1443.75
2026-02-05,0,0,0,0,1,52718.0,16499.91,0.0,241.51,92.31,98.3581,124.94,1368.425754,278.321254,1185.929156,4.50199,15.839277,764.76,256.15,312.32,2853.017431,1333.23
2026-02-06,0,0,0,0,1,48874.0,14731.46,0.0,313.19,63.91,98.9545,125.03,1361.850124,327.578026,1164.041997,4.936782,17.501355,576.75,248.42,305.74,2875.908284,1130.91
2026-02-07,0,0,0,0,1,58370.0,21683.09,0.0,232.47,76.18,103.9058101,124.98,1382.382486,335.929712,1316.369071,6.263114,19.063879,559.66,259.31,314.04,3060.008262,1133.01
2026-02-08,1,0,0,0,1,130537.0,28856.96,0.0,559.6,119.01,128.0267,125.1,1497.989812,321.161199,1240.111825,7.048536,16.879398,797.84,294.29,348.68,3083.19077,1440.81
2026-02-09,0,0,0,0,1,65779.0,18669.96,0.0,420.69,116.87,135.3086,125.71,1211.498979,220.142325,1136.899119,9.440458,17.300689,705.119999,267.76,325.49,2595.28157,1298.369999
2026-02-10,0,0,0,0,1,53297.0,17031.24,0.0,255.2,119.41,110.9401,125.57,1291.797624,239.322799,1162.981577,3.539391,17.39798,690.23,277.979999,360.010001,2715.039371,1328.22
2026-02-11,0,0,0,0,1,55461.0,16045.59,0.0,414.45,103.21,104.6555,124.85,1236.344196,376.38693,1199.375284,2.808474,15.165186,654.39,297.59,353.98,2830.08007,1305.96
2026-02-12,0,0,0,0,1,51962.0,19357.15,0.0,253.05,114.33,99.7997,125.4,1196.534414,296.709013,1127.266627,4.701912,8.08,609.49,293.249998,373.17,2633.291966,1275.909998
2026-02-13,0,0,0,0,1,55682.0,23764.65,0.0,263.82,130.6,92.834,124.17,1283.287929,270.066069,1241.469087,1.467212,1.43,628.509999,274.28,374.68,2797.720297,1277.469999
2026-02-14,0,0,0,0,1,60719.0,19462.1,0.0,446.33,111.47,88.54641235,125.01,1542.831228,314.36238,1167.126976,2.038497,1.071777,595.779999,275.289999,389.84,3027.430858,1260.909998
2026-02-15,0,0,0,0,1,81346.0,32273.88,0.0,446.45,153.27,117.2705,126.03,1448.800523,279.796249,1391.967679,3.038098,2.71398,808.710001,311.319999,444.36,3126.316529,1564.39
2026-02-16,0,0,0,0,1,32031.0,14406.63,0.0,251.66,167.63,133.3692,125.09,1244.603538,256.259882,980.784778,3.959397,2.13,610.35,285.34,392.289999,2487.737595,1287.979999
2026-02-17,0,0,0,0,1,36490.0,15165.25,0.0,269.51,154.35,125.4702342,125.26,1237.955887,294.930258,1250.041605,4.274962,0.0,624.659999,284.579999,398.42,2787.202712,1307.659998
2026-02-18,0,0,0,0,1,34818.0,14559.18,0.0,214.5,146.84,99.2626,125.62,1149.156637,244.725847,1182.300309,3.031038,1.46,816.3,285.4,404.41,2580.673831,1506.11
2026-02-19,0,0,0,0,1,41018.0,14367.43,0.0,245.85,127.1,110.2752,124.58,1160.968695,313.193879,1363.275347,14.618828,0.01,703.920001,288.15,392.06,2852.066749,1384.130001
2026-02-20,0,0,0,0,1,37399.0,14301.61,0.0,209.67,112.88,94.1119,124.78,1284.164691,347.318264,1760.390709,14.616632,0.0,571.53,290.429999,387.23,3406.490296,1249.189999
2026-02-21,0,0,0,0,1,48109.0,20434.24,0.0,392.88,139.97,90.07231981,124.61,1278.601044,427.963631,1903.934767,18.105635,0.0,598.67,284.28,378.800001,3628.605077,1261.750001
2026-02-22,0,0,0,0,1,57988.0,21405.5,0.0,260.88,117.72,104.4124247,126.0,1230.415814,367.952058,1841.285372,19.95026,0.33,752.7,312.650002,433.78,3459.933504,1499.130002
2026-02-23,0,0,0,0,1,44574.0,15929.45,0.0,308.87,138.06,129.1160711,124.34,1073.662427,274.286806,1675.434929,19.786212,0.0,647.840002,291.51,397.29,3043.170374,1336.640002
2026-02-24,0,0,0,0,1,40755.0,15720.67,0.0,277.23,135.2,100.7766,125.5,1167.717543,343.694026,1647.132936,18.464227,0.0,709.09,285.629999,309.730001,3177.008732,1304.45
2026-02-25,0,0,0,0,1,36353.0,13854.17,0.0,121.99,118.68,88.6151,124.14,1209.497045,316.311681,1556.626547,17.138517,3.42,626.56,281.81,302.09,3102.99379,1210.46
2026-02-26,0,0,0,0,1,64371.0,17523.62,0.0,453.1,130.22,92.2406,124.66,1111.260261,404.538585,1806.824017,20.641915,0.0,751.890001,284.71,300.380001,3343.264778,1336.980002
2026-02-27,0,0,0,0,1,49594.0,15716.46,0.0,273.37,116.81,91.46185307,124.06,976.7676,326.726942,1800.986175,15.583244,0.680254,591.03,273.86,286.91,3120.744215,1151.8
2026-02-28,0,0,0,0,1,57097.0,20876.68,0.0,264.78,99.63,102.909,123.04,1223.623086,446.327557,2029.309947,8.664364,0.0,570.9,268.519999,286.86,3707.924954,1126.279999
2026-03-01,1,0,0,0,1,101336.0,26614.2,0.0,552.0,105.37,110.5588473,113.43,1173.340014,409.925411,2148.370724,16.026926,1.38,768.090001,310.41,337.97,3749.043075,1416.470001
2026-03-02,0,0,0,0,1,63650.0,20715.74,0.0,364.0,108.76,108.0682,113.01,1257.425595,300.118367,1787.24569,5.638808,0.289479,574.160002,252.640002,280.0,3350.717939,1106.800004
2026-03-03,0,0,0,1,1,60339.0,19136.62,1250.0,427.0,127.56,102.1158,114.03,1182.071207,407.952399,1181.598095,9.408416,0.0,636.049999,233.86,281.219999,2781.030117,1151.129998
2026-03-04,0,0,0,1,0,64520.0,22097.11,0.0,749.0,129.75,100.1922,114.31,1165.670715,397.478582,1298.240591,14.965187,1.447221,597.89,229.48,270.59,2877.802296,1097.96
2026-03-05,0,0,0,1,1,51672.0,14303.2,0.0,252.0,121.59,83.584,113.58,1061.977485,369.996472,1107.30422,19.030431,0.23,515.01,226.16,270.16,2558.538608,1018.95
2026-03-06,0,0,0,1,1,53925.0,12818.16,0.0,174.0,116.43,82.3572,118.78,1023.461068,414.789023,1182.156528,18.677715,2.19,621.14,225.620001,252.79,2641.274334,1106.920001
2026-03-07,0,0,0,1,1,57308.0,18818.3,0.0,450.0,117.29,78.2224958,112.73,1176.929709,504.392579,1454.608968,25.05939,0.0,563.32,220.37,257.07,3160.990646,1052.14
2026-03-08,1,0,0,1,1,91438.0,24809.17,0.0,449.0,136.83,98.7737,115.23,1175.5316,442.300255,1362.666327,24.460037,0.676995,714.300002,251.179999,307.569999,3005.635214,1284.39
2026-03-09,0,0,0,1,1,48071.0,14983.49,0.0,300.0,118.74,124.9453118,112.86,1101.270597,331.355162,1148.00949,23.78594,0.0,621.28,206.810001,261.37,2604.421189,1098.020001
2026-03-10,0,0,0,1,1,42503.0,14994.98,0.0,135.0,128.73,98.5939,112.55,1099.559009,344.865513,1195.973362,24.327136,1.06,614.91,210.290001,266.289999,2665.78502,1102.44
2026-03-11,0,0,0,0,1,39980.0,16137.53,0.0,196.0,140.08,88.555,113.1,1030.422095,347.438318,1050.327596,22.735361,0.0,628.39,210.050001,265.96,2450.92337,1115.110001
2026-03-12,0,0,0,0,1,46015.0,12692.64,350.0,444.0,117.47,64.6745,112.63,1166.910876,537.09654,856.711232,24.547004,0.0,607.79,205.8,267.740001,2585.265652,1083.230001
2026-03-13,0,0,0,0,1,50978.0,16817.32,0.0,350.0,126.34,82.42509632,112.57,1063.2932,468.515463,1037.629031,21.266225,0.0,542.840001,205.99,251.25,2590.703919,1000.080001
2026-03-14,0,0,0,0,1,57835.0,21089.22,0.0,394.0,113.85,77.9744,112.39,1122.230066,461.792485,1212.407243,16.074274,0.82,519.2,194.14,246.66,2813.324068,960.0
2026-03-15,1,0,0,0,1,83862.0,23447.26,350.0,418.0,102.2,96.3011,112.35,1233.426671,480.780523,1048.469314,15.881943,1.99544,700.17,231.04,300.539999,2780.553891,1231.749999
2026-03-16,0,0,0,0,0,47653.0,19326.58,0.0,224.0,123.38,105.8026,114.75,803.757415,326.93161,992.977515,7.80454,0.0,608.239998,210.01,263.279999,2131.47108,1081.529997
2026-03-17,0,0,0,0,0,41107.0,18664.18,400.0,213.0,120.5,113.3908,113.02,774.372171,328.966348,1074.396329,12.722852,0.21,626.280001,209.96,268.18,2190.6677,1104.420001
2026-03-18,0,0,0,0,0,40499.0,15439.73,2500.0,231.0,123.77,79.8089,112.83,816.031905,384.585993,994.165669,16.053511,0.0,579.78,203.610001,260.36,2210.837078,1043.750001
2026-03-19,0,0,0,1,0,39347.0,13857.82,1250.0,191.0,110.75,92.4306,112.32,934.297604,393.316744,1033.226737,18.30261,0.15,621.08,186.58,270.259999,2379.293695,1077.919999
2026-03-20,0,0,0,1,0,38659.0,13969.78,0.0,238.0,110.15,87.3932,112.72,947.70465,434.454933,978.912489,21.421886,0.0,556.809999,197.84,272.63,2382.493958,1027.279999
2026-03-21,0,0,0,1,0,49229.0,16953.1,4150.0,347.0,109.55,82.0249,112.78,1367.512403,483.738423,1014.315922,21.367416,0.0,573.57,192.25,273.49,2886.934164,1039.31
2026-03-22,1,0,0,1,1,120441.0,25082.88,0.0,511.0,124.01,107.7329,113.5,1591.565371,575.664245,1165.939276,20.567563,0.39,746.21,224.7,314.12,3354.126455,1285.03
2026-03-23,0,0,0,1,1,67502.0,2365.9,0.0,352.0,144.7,113.4541,112.12,1119.409958,383.69991,979.787721,19.788886,0.281062,609.53,211.06,288.340001,2502.967537,1108.930001
2026-03-24,0,0,0,1,1,101613.0,26785.8,0.0,612.0,159.62,104.4694518,111.76,1374.307839,482.405428,1097.009944,19.307625,0.0,757.829999,218.78,298.359999,2973.030836,1281.659998
2026-03-25,0,0,0,1,1,99454.0,27278.68,0.0,454.0,150.94,99.9428,112.16,1399.601232,513.96366,1395.294918,18.823629,0.953631,677.78,232.56,309.27,3328.63707,1235.17
2026-03-26,0,0,0,1,1,96914.0,32122.52,0.0,572.0,187.04,90.85475843,111.55,1174.011473,405.79771,1347.192038,14.357536,0.0,730.950002,226.86,313.41,2941.358757,1287.040002
2026-03-27,0,0,0,1,1,82113.0,22652.81,0.0,356.0,146.2,91.3483,111.58,1225.145328,388.700479,1521.472048,12.172686,0.4,646.26,188.18,266.49,3147.890541,1116.36
2026-03-28,0,0,0,1,1,109647.0,32145.85,0.0,563.0,148.66,90.24553727,112.42,1207.864467,540.201793,1827.543606,13.907852,0.497046,611.319999,162.33,247.96,3590.014764,1038.089999
2026-03-29,0,0,0,1,1,132686.0,40858.91,0.0,568.0,152.9,101.6463,111.91,1142.097534,400.418733,1842.205835,10.9927,12.488624,823.67,250.9,358.15,3408.203426,1441.79
2026-03-30,0,0,0,1,1,87758.0,31754.21,0.0,423.0,154.57,108.4283,111.51,950.550446,354.406861,1793.530296,11.098028,4.687187,729.56,220.67,312.77,3114.272818,1271.46
2026-03-31,0,0,0,1,1,73373.0,26157.72,0.0,469.0,138.14,101.184,109.52,913.191518,299.643722,1539.402424,6.942585,0.612321,684.11,200.85,275.840001,2759.79257,1164.140001
2026-04-01,0,0,0,1,1,68097.0,21999.31,0.0,427.0,89.35,94.4727,117.56,1183.44989,428.640487,1711.939268,10.375028,9.848853,669.69,200.24,263.69,3344.253526,1133.62
2026-04-02,0,0,0,1,1,57555.0,19613.74,0.0,283.0,108.64,86.8142,116.79,1191.910451,600.961858,1689.52452,14.053769,12.375279,683.220002,206.02,271.88,3508.825877,1161.120002
2026-04-03,0,0,1,1,1,67654.0,23892.1,0.0,410.0,81.69,82.9656,116.91,1114.547561,516.743044,1729.432131,18.017484,17.509703,738.850001,209.1,275.51,3396.249923,1223.460001
2026-04-04,0,0,0,1,1,67679.0,21716.68,0.0,396.0,96.69,84.70896658,116.82,1218.986047,557.039531,1773.228455,23.234724,31.616255,649.059998,167.64,240.59,3604.105012,1057.289998
2026-04-05,0,0,1,1,1,64165.0,26035.24,0.0,418.0,82.45,92.8781,117.52,1188.207716,531.778747,1674.90258,24.301456,16.108235,792.82,251.21,318.04,3435.298734,1362.07
2026-04-06,1,0,1,1,1,157714.0,35095.53,0.0,887.0,164.86,124.2486,117.07,1222.741943,550.993384,1691.345092,23.285859,16.497955,760.429999,223.999999,289.37,3504.864233,1273.799998
2026-04-07,0,0,0,0,0,43254.0,14348.59,0.0,322.0,155.58,111.3957728,117.47,1171.810622,488.817011,1673.065815,17.430122,6.735844,759.849999,206.15,275.88,3357.859414,1241.879999
2026-04-08,0,0,0,0,0,45564.0,18709.13,0.0,356.0,150.61,95.1818,117.84,1165.943231,520.871879,1705.90205,15.752706,11.98,681.599999,194.05,273.59,3420.449866,1149.239999
2026-04-09,0,0,0,0,0,47419.0,19033.62,0.0,213.0,145.92,94.8352,116.52,1181.883952,579.732895,1641.002741,16.061577,17.49,649.26,181.16,254.92,3436.171165,1085.34
2026-04-10,0,0,0,0,0,52895.0,19181.77,0.0,284.0,164.87,81.7443,117.06,1194.449303,505.597503,1669.57173,17.548217,8.802123,688.029999,213.78,277.76,3395.968876,1179.569999
2026-04-11,0,0,0,0,0,47678.0,1407.55,0.0,354.0,159.43,76.3149,117.16,1222.499538,582.703805,1612.83915,19.03698,39.436601,672.36,177.22,248.91,3476.516074,1098.49
2026-04-12,0,0,0,0,0,87140.0,33437.51,0.0,580.0,179.79,103.6565779,116.42,1216.575653,596.356464,1899.7589,21.048765,47.63102,854.3,263.6,337.4,3781.370802,1455.3
2026-04-13,0,0,0,0,0,52652.0,19192.63,0.0,345.0,175.38,106.4293805,116.68,1116.176517,493.15827,1299.57965,19.221377,41.29066,717.2,250.05,268.11,2969.426474,1235.36
2026-04-14,0,0,0,0,0,48281.0,19063.49,0.0,348.0,127.97,103.5783269,118.11,1150.076227,480.254494,1575.21089,20.186819,38.577598,682.05,216.389999,264.16,3264.306028,1162.599999
2026-04-15,0,0,0,0,0,48713.0,14322.93,0.0,339.0,147.21,96.204,115.83,1095.981524,603.1817,1445.778044,19.53665,23.843339,733.859999,219.96,279.74,3188.321257,1233.559999
2026-04-16,0,0,0,0,0,48913.0,17445.19,0.0,333.0,129.17,90.57066353,116.69,1089.789083,537.476532,1533.810669,19.705868,18.35646,776.759999,224.749999,283.12,3199.138612,1296.899998
2026-04-17,0,0,0,0,0,53557.0,17644.37,0.0,394.0,133.06,77.82409041,116.76,1012.823137,543.960615,1558.966307,16.796112,15.389524,628.240001,215.18,265.55,3147.935695,1124.790001
2026-04-18,0,0,0,0,0,62749.0,24244.44,0.0,407.0,84.43,93.7109,116.43,1101.461738,504.884296,1689.314417,15.932691,11.759274,698.44,176.76,239.41,3323.352416,1131.72
2026-04-19,0,0,0,0,1,76906.0,28852.15,0.0,428.0,85.63,114.9409,116.03,1142.189956,609.825159,1739.386623,15.99416,15.215515,892.119999,286.67,357.06,3522.611413,1545.359999
2026-04-20,0,0,0,0,1,52017.0,20516.1,0.0,376.0,140.66,111.9053,116.91,1103.95659,462.200741,1477.928755,12.150753,14.132304,690.49,224.39,269.729998,3070.369143,1186.979998
2026-04-21,0,0,0,0,1,52099.0,19156.65,0.0,275.0,135.18,117.8593,116.35,995.629541,523.572395,1548.950132,15.201565,9.0,759.26,224.67,269.31,3092.353633,1253.24
2026-04-22,0,0,0,0,1,58456.0,28135.31,0.0,431.0,133.47,95.94547733,116.84,1100.553418,514.198481,1579.322705,19.699869,12.300424,784.769999,232.19,278.37,3226.074897,1295.329999
2026-04-23,1,0,0,0,1,73011.0,19087.58,0.0,427.0,165.23,104.936,116.34,1143.086274,470.752449,1457.597165,21.15493,10.679858,708.25,228.789999,278.160001,3103.270676,1215.2
2026-04-24,0,0,0,0,1,60417.0,18002.12,0.0,326.0,141.65,95.4728,116.37,1092.988379,482.980495,1487.773465,21.174059,16.466674,647.820002,202.779999,255.899999,3101.383072,1106.5
2026-04-25,0,0,0,0,1,63703.0,20301.18,0.0,479.0,95.19,83.86419477,116.49,1107.518799,608.470525,1640.106715,21.510537,13.285278,686.449999,187.52,228.26,3390.891854,1102.229999
2026-04-26,1,0,0,0,1,103595.0,29411.17,0.0,822.0,137.48,101.7167478,117.25,1190.668621,585.728318,1786.211869,21.391227,12.051402,829.720001,277.78,324.91,3596.051437,1432.410001
2026-04-27,0,0,0,0,0,66903.0,23813.43,0.0,344.0,144.24,127.5008345,116.93,1067.610418,427.098461,1396.858044,20.962682,13.752925,1348.169999,333.96,379.420001,2926.28253,2061.55
2026-04-28,0,0,0,0,1,68025.0,22844.53,0.0,280.0,146.37,116.9491679,115.63,1033.632915,420.017101,1546.052499,21.863747,8.81,1633.470002,372.170001,401.68,3030.376262,2407.320003
2026-04-29,1,0,0,0,1,76910.0,27017.86,0.0,438.0,137.92,107.2552,115.01,1054.91809,521.24936,1494.577036,21.677277,20.376355,1632.190001,359.22,395.239999,3112.798118,2386.65
2026-04-30,0,0,0,0,1,53273.0,15660.53,0.0,361.0,118.13,96.9411,114.2,980.606174,402.177429,1392.998449,18.680526,16.888267,1450.129998,351.990002,387.519997,2811.350845,2189.639997
2026-05-01,0,0,1,0,1,67424.0,24829.01396,0.0,277.5183,65.98,89.6737,114.25,1069.86,477.219556,1701.57,23.114628,15.323056,1730.45,369.41,414.4,3287.08,2514.26
2026-05-02,0,0,0,0,1,72778.0,26721.68501,0.0,628.645,65.04,85.65151598,112.95,1201.91,538.506861,1772.94,23.813206,11.180769,1553.42,276.33,331.91,3548.35,2161.66
2026-05-03,0,0,0,0,1,109385.0,35188.03003,0.0,778.2454,116.25,101.8139,112.93,1338.1,605.906709,1885.01,22.880521,27.981234,1867.61,429.38,464.3,3879.87,2761.29
2026-05-04,0,0,0,0,1,82583.0,34529.4938,0.0,530.3687,172.65,115.6493,114.16,1218.91,522.862081,1551.01,22.867258,20.279252,1490.88,350.09,336.900001,3335.92,2177.87
2026-05-05,0,0,0,0,1,74151.0,30025.19049,0.0,419.5903,168.33,104.0475595,112.97,1256.74,581.072817,1463.93,23.470295,23.277173,1415.73,289.319999,308.14,3348.49,2013.19
2026-05-06,0,0,0,0,1,72637.0,25072.33206,0.0,509.6066,135.23,95.7234,112.87,1116.46,607.194773,1493.14,23.041863,20.436571,1457.35,319.48,312.7,3260.27,2098.42
2026-05-07,0,0,0,0,1,103810.0,22329.77986,0.0,660.0684,157.5,108.0051735,115.09,1166.67,534.947234,1638.41,29.057532,16.491462,1101.1,259.61,236.370001,3385.58,1606.98
2026-05-08,0,0,1,0,1,62987.0,20786.52789,0.0,403.0113,97.97,81.63000787,114.13,1000.34,480.406795,1550.97,27.156271,17.72187,1102.92,226.43,212.64,3076.6,1548.96
2026-05-09,0,0,0,0,1,70783.0,25836.38455,0.0,484.1658,111.14,63.2655,112.87,1052.38,589.46306,1702.16,22.397757,18.503023,1049.56,156.44,148.8,3384.91,1363.87
2026-05-10,0,0,0,0,1,84309.0,22856.27014,0.0,455.2381,126.86,77.907,114.28,1198.67,543.126917,1840.0,23.515629,38.846924,1280.69,273.72,242.559999,3644.17,1808.08
2026-05-11,0,0,0,0,1,63999.0,24302.99692,0.0,417.6669,157.0,92.80905397,113.82,1036.4,470.307694,1572.5,21.756878,17.914197,1032.61,241.46,214.310001,3118.87,1498.41
2026-05-12,0,0,0,0,1,61651.0,20877.98536,0.0,352.0294,141.11,92.4408,112.65,1116.79,472.775185,1521.68,22.375709,5.91,1128.6,234.82,214.25,3139.53,1587.79
2026-05-13,0,0,0,0,1,50468.0,19758.14293,0.0,320.4231,114.19,97.6196,112.54,1028.99,403.175059,1345.88,30.092776,9.265401,1187.7,244.840001,240.569999,2817.4,1676.95
2026-05-14,0,0,1,0,1,76343.0,28859.90542,0.0,350.7727,162.2,97.19909125,113.41,1078.26,591.083695,1779.8,22.405483,1.26,1332.48,251.66,224.8,3472.81,1808.94
2026-05-15,0,0,0,0,1,62361.0,26864.68354,0.0,479.5638,127.62,93.18325456,114.83,1093.18,509.672932,1530.21,26.817674,1.659701,1067.51,217.82,198.030001,3161.54,1496.76
2026-05-16,0,0,0,0,1,66351.0,33541.02969,0.0,368.2485,85.44,80.50520867,112.77,1170.75,494.410493,1818.76,25.35525,0.397867,925.609997,165.47,152.98,3509.67,1261.1
2026-05-17,0,0,0,0,1,84764.0,35220.15175,0.0,698.0939,102.5,95.8841,112.38,1114.57,542.039499,1733.69,26.564768,28.535253,1276.59,265.29,240.66,3445.4,1793.01
2026-05-18,0,0,0,0,0,57010.0,26177.95963,0.0,399.2176,136.98,100.4387994,112.55,1113.24,489.992466,1622.63,24.932589,2.427707,955.880001,256.18,260.78,3253.22,1484.57
2026-05-19,1,0,0,0,0,84020.0,25221.81266,0.0,434.2754,128.95,99.871,113.41,1203.53,475.62812,1585.87,25.61869,36.211181,1227.39,253.88,268.4,3326.86,1760.49
2026-05-20,0,0,0,0,0,79660.0,27132.64418,0.0,472.0,107.36,106.7193,113.26,1138.24,468.815277,1669.77,20.144612,79.63392,1344.33,277.91,294.09,3376.6,1924.97
2026-05-21,0,0,0,0,0,60262.0,26273.57975,0.0,525.0056,108.53,103.8642,112.17,1087.04,489.153604,1556.22,20.139819,47.652765,1157.41,256.52,274.02,3200.21,1689.77
2026-05-22,0,0,0,0,0,58035.0,21445.27122,0.0,520.9936,146.37,87.68013671,112.53,1025.12,429.879855,1526.46,28.710389,59.075484,1399.48,235.41,246.549999,3069.25,1891.48
2026-05-23,0,0,0,0,0,61797.0,25490.91702,0.0,484.095,118.82,71.96459593,112.27,1053.72,512.594082,1915.58,22.926806,62.867533,1300.67,214.860001,229.100002,3567.69,1761.05
2026-05-24,0,0,1,0,0,69768.0,23849.38878,0.0,473.8408,106.84,92.9301,112.29,1061.67,482.977817,1847.18,23.131084,67.926649,1607.88,326.72,346.36,3482.89,2292.67
2026-05-25,0,0,1,0,1,80297.0,27159.67506,0.0,527.0824,111.7,124.9438,112.78,991.567527,438.376962,1675.78,28.341908,51.377737,1448.61,293.17,291.68,3185.44,2044.22
2026-05-26,0,0,0,0,1,69037.0,23111.5632,0.0,410.1562,127.22,125.8511,111.67,997.466085,439.579953,1748.92,26.469029,64.268305,1230.99,263.64,275.62,3276.7,1779.76
2026-05-27,0,0,0,0,1,67921.0,28947.59643,0.0,383.7242,134.95,108.5962,113.43,1070.04,402.779542,1541.49,25.445094,50.640907,1304.46,258.070003,279.650001,3090.39,1851.21
2026-05-28,1,0,0,1,1,80680.0,19874.91275,0.0,468.5485,147.6,103.5229542,111.65,1024.79,392.082025,1855.97,22.579535,54.653291,1320.25,256.230001,267.06,3350.08,1852.73
2026-05-29,0,0,0,1,1,72564.0,12402.09081,0.0,487.0568,141.89,96.90588026,111.9,980.944713,443.242491,1483.0,23.386515,49.48771,1273.53,244.61,265.539999,2980.06,1786.23
2026-05-30,0,0,0,1,1,65329.0,13142.06755,0.0,574.0405,89.06,66.8406,116.99,986.519197,472.004662,2002.54,23.524709,33.604847,1123.43,167.07,189.27,3518.2,1479.77
2026-05-31,0,0,0,1,1,122427.0,17469.96961,0.0,590.2773,154.97,88.1269,104.17,1012.18,428.430411,1938.32,25.528377,94.929139,1586.15,313.230001,332.16,3499.39,2231.54
2026-06-01,0,0,0,0,0,57587.0,22392.21,0.0,301.0,129.67,90.92468853,116.82,1037.97,448.048212,1722.48,30.794187,43.236712,1191.48,275.0,263.66,3282.54,1730.14
2026-06-02,0,0,0,0,0,67303.0,27847.42,0.0,503.0,133.11,67.8718,117.08,1241.42,503.264601,1755.08,33.591992,69.181596,1141.01,267.040001,280.79,3602.54,1688.84
2026-06-03,0,0,0,0,0,55167.0,24915.76,0.0,264.0,129.6,92.3949,117.16,1067.48,484.185188,1757.05,27.920605,56.630225,1177.56,266.03,294.94,3393.26,1738.53
2026-06-04,0,0,1,0,0,62284.0,24588.69,0.0,345.0,135.65,110.9296265,116.75,1146.83,501.441857,2095.53,27.317184,46.642496,1490.95,259.41,272.6,3817.76,2022.96
2026-06-05,0,0,0,0,0,60493.0,21517.38,0.0,325.0,104.5,106.3166,116.96,1056.45,481.541697,1598.68,27.582348,48.309763,1286.32,234.739999,259.26,3212.57,1780.32
2026-06-06,0,0,0,0,0,57144.0,25389.13,0.0,312.0,110.69,99.9096,116.79,1072.19,529.97806,1929.24,28.530635,64.719675,1134.4,195.87,213.05,3624.65,1543.32
2026-06-07,0,0,0,0,0,76777.0,33472.55,0.0,408.0,144.35,133.4286,117.44,1128.6,552.226771,1894.59,30.880906,94.400094,1525.16,296.62,322.22,3700.7,2144.0
2026-06-08,0,0,0,0,0,56909.0,20753.44,0.0,312.0,146.57,132.7679,116.97,995.341285,500.624463,1680.81,29.261286,63.477124,1293.71,294.380001,290.040001,3269.51,1878.13
2026-06-09,0,0,0,1,0,64518.0,22409.23,0.0,348.0,143.77,136.4336,117.07,1143.6,511.200945,1683.43,27.486663,47.900834,1294.61,268.810001,268.77,3413.62,1832.19
2026-06-10,0,0,0,1,1,77431.0,23822.59,0.0,329.0,148.62,118.6931,116.62,1199.49,559.929726,1787.24,29.235854,89.905351,1311.18,290.06,316.87,3665.81,1918.11
2026-06-11,0,0,0,1,1,123123.0,35267.26,0.0,484.0,166.36,123.1341446,116.71,1128.28,486.2523,1703.89,28.330473,57.277162,1481.65,298.54,334.63,3404.03,2114.82
2026-06-12,0,0,0,1,1,80170.0,28619.72,0.0,365.0,130.76,113.1796,117.04,1101.84,497.8608,1731.8,28.891506,65.638024,1097.22,269.29,286.730001,3426.03,1653.24
2026-06-13,0,0,0,1,1,81969.0,28790.78,0.0,288.0,148.41,94.63410371,117.13,1132.7,559.934995,1938.09,28.31051,84.290036,1299.3,266.1,280.22,3743.33,1845.62
2026-06-14,1,0,0,1,1,160987.0,37836.08,0.0,629.0,137.01,137.675474,116.89,1163.17,602.530468,1871.88,27.285193,64.157501,1692.15,393.17,399.249999,3729.03,2484.57
2026-06-15,0,0,0,1,1,80756.0,23462.03,0.0,368.0,160.53,136.9728,116.45,1117.3,440.245252,1625.48,25.583187,90.901648,1475.16,330.440001,373.25,3299.51,2182.65
2026-06-16,0,0,0,1,1,85429.0,25291.01,0.0,385.0,173.74,128.6896,117.07,1101.84,442.431447,1711.61,24.235167,73.307575,1335.96,279.23,340.74,3353.43,1960.14
2026-06-17,0,0,0,1,1,74938.0,27196.46,0.0,392.0,156.14,105.4078,117.77,1141.66,446.406095,1851.53,25.061215,69.132223,1411.81,295.88,384.99,3533.79,2096.89
2026-06-18,0,0,0,1,1,74772.0,25328.95,0.0,327.0,124.18,116.6749,116.25,1032.96,388.710285,1637.96,26.172575,73.19569,1449.45,297.070001,399.11,3159.01,2150.99
2026-06-19,0,0,0,1,1,66091.0,23643.26,0.0,349.0,95.67,115.1361,117.02,1085.33,462.887655,1884.94,26.641689,52.566093,1379.46,272.750002,358.66,3512.36,2015.87
2026-06-20,0,0,0,1,1,97551.0,24878.82,0.0,502.0,141.62,107.5580434,116.42,1067.92,468.672638,1859.45,24.797081,65.141556,1184.38,224.43,316.250001,3485.98,1730.38
2026-06-21,1,0,0,1,1,187971.0,43753.31,0.0,785.0,116.39,147.1864,116.36,1098.04,474.445609,1813.23,22.317548,89.507274,1730.31,363.11,451.66,3497.54,2546.97
2026-06-22,0,0,0,0,1,45276.0,20739.49,0.0,347.0,129.97,148.7707364,116.61,1038.64,541.643623,1575.74,24.515585,48.564826,1077.54,308.400001,391.79,3229.1,1777.73
2026-06-23,0,0,0,0,1,63076.0,27048.36,0.0,274.0,135.73,146.0287421,116.25,1066.0,623.044855,1701.07,27.31967,67.829212,1381.32,301.39,371.38,3485.26,2054.09
2026-06-24,0,0,0,0,1,55221.0,27224.87,0.0,196.0,121.48,195.9189,116.39,1014.67,598.132181,1763.7,23.847081,80.851882,1513.65,306.18,397.169999,3481.2,2217.0
2026-06-25,0,0,0,0,1,54808.0,24224.47,0.0,264.0,68.37,204.2221212,116.01,1000.96,570.370714,1590.69,23.203487,62.587085,1463.04,301.629999,390.8,3247.81,2155.47
2026-06-26,0,0,0,0,1,57134.0,20177.94,0.0,270.0,77.2,181.6126848,116.43,993.779908,512.169317,1615.03,26.800413,65.443548,1454.19,269.25,350.39,3213.22,2073.83
2026-06-27,0,0,0,0,1,49697.0,20452.88,0.0,228.0,121.92,177.2535,116.29,1029.82,587.193783,1801.57,27.40651,72.610605,1353.57,242.99,334.52,3518.6,1931.08
2026-06-28,0,0,0,0,1,67237.0,27690.54,0.0,310.0,162.51,223.0727,116.25,1033.23,706.570232,1705.26,26.978459,83.661327,1686.98,380.9,457.55,3555.69,2525.43
2026-06-29,0,0,0,0,1,54906.0,25848.63,0.0,267.0,150.07,232.2297694,115.67,914.431237,659.376073,1645.23,26.533079,105.391809,1308.2,291.68,362.319999,3350.96,1962.2
2026-06-30,0,0,0,0,1,44093.0,18970.15,0.0,157.0,147.7,216.409,115.34,855.095849,340.87439,1605.52,22.384551,102.000844,1467.69,286.6,388.12,2925.88,2142.41
2026-07-01,0,0,0,0,1,66318.0,23074.04,0.0,203.0,128.47,154.9706,109.6,992.512175,436.206336,1500.16,23.80272,70.476613,1263.55,307.16,368.030001,3023.16,1938.74
2026-07-02,1,0,0,0,1,69516.0,21149.31,0.0,307.0,133.17,181.1713,113.69,864.244393,490.130818,1106.15,30.043697,69.455156,1032.96,263.67,316.740002,2560.02,1613.37
2026-07-03,0,0,0,0,1,59864.0,17773.7,0.0,245.0,151.7,198.7905,112.62,855.892622,580.82211,1046.31,30.192569,86.533459,978.389999,260.070001,308.4,2599.75,1546.86
2026-07-04,0,0,0,0,1,64180.0,22225.74,0.0,149.0,143.61,197.3604,112.39,896.844646,810.289992,1234.71,29.40909,79.967528,875.63,198.180002,251.790003,3051.22,1325.6
2026-07-05,0,0,0,0,1,89450.0,30422.15,0.0,469.0,156.95,212.3325013,110.32,923.182592,837.722934,1158.81,30.340681,78.482433,1274.2,329.82,388.55,3028.54,1992.57
2026-07-06,0,0,0,0,1,48589.0,18828.14,0.0,143.0,131.59,173.7807,112.54,836.940056,673.86765,1166.46,29.641173,71.322327,1055.93,286.600001,334.43,2778.23,1676.96
2026-07-07,0,0,0,0,1,65640.0,26651.91,0.0,248.0,102.73,134.9213,113.39,776.543425,573.981246,980.784115,28.878344,57.193439,1051.78,278.88,335.919998,2417.38,1666.58
2026-07-08,0,0,0,0,1,44104.0,18649.14,0.0,264.0,145.56,161.3156,113.77,825.648666,579.471307,953.350348,28.730534,60.180619,1046.95,247.17,304.800001,2447.38,1598.92
2026-07-09,0,0,0,0,1,51360.0,18394.55,0.0,269.0,190.64,172.7618,112.18,793.373176,550.572327,1093.45,29.423378,59.06778,990.16,235.34,287.24,2525.89,1512.74
2026-07-10,0,0,0,0,1,41096.0,17433.79,0.0,289.0,169.42,178.733,112.53,787.331869,537.236509,917.424081,29.538138,46.085084,952.769999,212.71,257.31,2317.62,1428.71
2026-07-11,0,0,0,0,1,47231.0,19303.43,0.0,302.0,199.6,187.1389,112.76,790.715527,676.12671,1036.7,29.91788,35.912866,902.14,155.83,210.03,2569.37,1278.23
2026-07-12,1,0,0,0,1,99626.0,28114.02,0.0,490.0,169.94,214.2358,112.4,851.157151,608.222779,1084.47,29.091149,47.116375,1188.04,276.31,332.13,2620.06,1808.35
2026-07-13,0,0,0,0,1,49867.0,16480.62,0.0,221.0,169.37,176.0116,112.99,767.01073,517.150061,976.407418,29.995504,35.30123,832.479999,233.33,278.56,2325.86,1355.81
2026-07-14,0,0,1,0,1,61171.0,17361.85,0.0,266.0,116.46,143.8647,112.98,780.155391,580.395027,954.42183,28.160506,47.056846,1164.04,240.85,306.86,2390.19,1722.06
2026-07-15,0,0,0,0,1,48045.0,18580.42,0.0,278.0,116.99,170.826,113.01,810.993744,507.664763,895.445314,28.632571,41.066914,1043.23,240.73,298.520001,2283.8,1592.04
2026-07-16,0,0,0,0,1,47033.0,19533.85,0.0,250.0,114.04,177.2178,113.21,832.916049,494.23412,938.570547,28.919159,37.79248,1002.73,222.009999,271.619999,2332.43,1499.34
2026-07-17,0,0,0,0,1,71509.0,24431.0,0.0,477.0,142.58,168.1182,112.55,778.208975,667.956979,1161.84,26.46434,40.351594,1033.68,212.7,275.01,2674.83,1521.39
2026-07-18,0,0,0,0,1,68522.0,27222.7,0.0,306.0,119.09,183.0688,112.59,813.117844,594.786693,1059.41,29.122411,55.702202,899.630001,148.219999,196.07,2552.14,1243.92
2026-07-19,0,0,0,0,1,91843.0,32582.43,0.0,427.0,131.51,182.8338296,112.57,827.284749,598.276324,1013.3,25.851524,56.427664,1286.82,291.98,352.75,2521.14,1931.55
2026-07-20,0,0,0,0,1,60596.0,21310.79,0.0,254.0,101.55,185.7555286,113.81,763.010359,547.841753,976.191481,26.531398,40.067844,947.79,220.41,261.000001,2353.64,1429.2
2026-07-21,0,0,0,0,1,72814.0,21524.12,0.0,275.0,87.79,147.1305,113.51,791.799809,530.419423,988.114462,27.619623,39.329375,1010.56,227.36,283.830001,2377.28,1521.75
2026-07-22,0,0,0,0,1,56826.0,25214.68,0.0,260.0,86.84,171.0027,113.25,789.573468,548.838187,959.151791,27.030909,35.172172,1048.61,230.540001,277.789998,2359.77,1556.94
2026-07-23,1,0,0,0,1,99861.0,27111.2,0.0,424.0,70.42,173.9576,113.2,465.927432,324.907468,465.979149,12.522938,23.317883,976.01,238.939999,297.72,1292.65,1512.67
2026-07-24,0,0,0,0,1,57246.0,17303.46,0.0,284.0,52.73,164.6136,113.78,0.0,0.0,0.0,0.0,0.0,933.04,202.35,260.05,0.0,1395.44
2026-07-25,0,0,0,0,1,59221.0,15609.38,0.0,137.0,78.93,180.441,114.07,0.0,0.0,0.0,0.0,0.0,936.75,163.09,226.45,0.0,1326.29
2026-07-26,0,0,0,0,1,80659.0,26188.98,0.0,169.0,93.03,201.7269514,112.98,0.0,0.0,0.0,0.0,0.0,1288.02,293.41,365.48,0.0,1946.91
2026-07-27,0,0,0,0,1,59750.0,18458.69,0.0,152.0,92.94,166.6454,113.55,0.0,0.0,0.0,0.0,0.0,965.809999,228.019999,266.72,0.0,1460.55
2026-07-28,0,0,0,0,1,62832.0,22152.14,0.0,188.0,106.56,124.5727997,112.88,0.0,0.0,0.0,0.0,0.0,923.959999,206.38,248.589999,0.0,1378.93
2026-07-29,1,0,0,0,1,67769.0,17210.12,0.0,94.0,84.62,117.9868,113.82,749.001877,355.382488,530.749332,59.44181,20.300366,823.940002,192.26,224.64,1714.88,1240.84
2026-07-30,0,0,0,0,1,56513.0,17060.87,0.0,92.0,122.91,145.6033436,113.06,755.358007,569.955249,1243.14,58.218243,60.178636,774.569998,182.470001,204.15,2686.85,1161.19
2026-07-31,0,0,0,0,1,51864.0,18940.29,0.0,99.0,131.01,136.233,113.99,570.174975,935.673034,1280.07,57.609412,61.824599,933.71,185.98,218.06,2905.35,1337.75
